Curso,ID,Formato,Tema,Referência da aula,Criativo pronto,Gancho,Copy / Roteiro,Argumentação,Proposta,Estratégia,CTA,Status
Imersão,IM-C01,Card,Vida no automático,Noite 1 · Abertura · Material de Apoio p.6 · PDF Aula 01,F01 (story e feed),Você não está vivendo a vida que escolheu. E você sabe disso.,"Card com a frase. Legenda: Eu vivi quase 30 anos numa vida que eu não queria, achando que não poderia viver uma vida diferente. Se você sente que está no automático, isso não é culpa sua: ninguém te entregou as regras do jogo.",Identificação: a seguidora se reconhece na vida automática e percebe que não é falta de esforço.,Despertar consciência de que existe outra forma de viver.,Topo de funil · alcance e identificação · repostável,Comenta EU ESCOLHO se você decidiu viver a vida que escolheu.,A produzir legenda
Imersão,IM-C02,Card,O jogo sem regras,Noite 1 · Lição I · Material de Apoio p.6 · PDF Aula 01,F02 (story e feed),Você não pode ganhar um jogo cujas regras nunca te ensinaram.,"Card com a frase. Legenda: Te mandaram estudar, trabalhar, acordar cedo. Ninguém te ensinou como a mente funciona. Por isso você se esforça e não vê resultado.","Tira a culpa da pessoa e reposiciona o problema: falta o manual, não esforço.",Apresentar a Dra. Próton como quem entrega as regras do jogo.,Topo de funil · autoridade · salvamentos,Salva para lembrar: o problema nunca foi você.,A produzir legenda
Imersão,IM-C03,Card,Você é energia,Noite 1 · Lição II · Material de Apoio p.6-7 · PDF Aula 01,F03 (story e feed),Você é um ser de energia vivendo uma experiência humana.,"Card com a frase. Legenda: Você não é o seu nome, nem o seu cargo, nem a sua conta bancária. Você está. E tudo o que está pode mudar.","Mudança de identidade: de ""eu sou pobre"" para ""eu estou em estado de pobreza"".",Abrir a porta para a reprogramação.,Topo de funil · compartilhamento,Manda para alguém que precisa lembrar disso hoje.,A produzir legenda
Imersão,IM-C04,Card,Abundância é natural,Noite 1 · Lição III · Material de Apoio p.7 · PDF Aula 01,F04 (story e feed),A pobreza é antinatural.,Card com a frase. Legenda: Olhe para uma mata crescendo sem esforço. Uma semente jogada na terra floresce sozinha. Tudo o que é de Deus é abundante. A escassez foi aprendida.,"Conecta fé e prosperidade, quebrando a crença de que Deus quis a pobreza.",Quebrar a crença religiosa de escassez.,Topo de funil · polêmica leve · comentários,Comenta AMÉM se você declara abundância na sua vida.,A produzir legenda
Imersão,IM-C05,Card,O universo é um espelho,Noite 1 · Lição IV · Material de Apoio p.7 · PDF Aula 01,F05 (story e feed),O universo não julga. Ele devolve o que você vibra.,"Card com a frase. Legenda: Não adianta brigar com o espelho por causa da ruga. Ele só mostra o que está na frente dele. Para mudar o reflexo, mude o que você emite.",Metáfora simples e visual da lei da vibração.,Ensinar o conceito-base da Imersão.,Meio de funil · educação · salvamentos,Salva e relê quando o dia começar a dar errado.,A produzir legenda
Imersão,IM-C06,Card,Sentir x pensar,Noite 1 · Lição IV · Material de Apoio p.7 · PDF Aula 01,F06 (story e feed),O que você sente vibra 5.000 vezes mais forte do que o que você pensa.,Card com a frase. Legenda: Por isso repetir afirmações sem emoção não funciona. É a emoção que carrega a sua frequência.,Explica por que técnicas superficiais falharam.,Posicionar o método (emoção + reprogramação) como diferente.,"Meio de funil · quebra de objeção ""já tentei de tudo""","Comenta SINTO se você vai começar a sentir, e não só pensar.",A produzir legenda
Imersão,IM-C07,Card,Real ou imaginado,Noite 1 · Lição V · Material de Apoio p.8 · PDF Aula 01,F07 (story e feed),O cérebro não sabe diferenciar o real do imaginado.,"Card com a frase. Legenda: Cada vez que você remói quem te fez mal, o seu cérebro vive aquilo de novo. E cada vez que você imagina a vida nova com emoção, ele começa a viver ela também.",Neurociência simples com aplicação imediata.,Mostrar o poder da visualização.,Meio de funil · educação,Salva e faz o teste hoje antes de dormir.,A produzir legenda
Imersão,IM-C08,Card,Programação da infância,Noite 1 · Lição VI · Material de Apoio p.8-9 · PDF Aula 01,F09 (story e feed),Diploma nenhum apaga uma programação negativa.,"Card com a frase. Legenda: Faculdade, mestrado, doutorado. E a vida continua travada. Porque o que te trava foi gravado antes dos 7 anos, no subconsciente.",Explica por que conhecimento sozinho não resolve.,Levar para a ideia de reprogramação.,"Meio de funil · objeção ""já estudei muito""",Comenta CD se você sente que a sua música ainda é a da infância.,A produzir legenda
Imersão,IM-C09,Card,Chega de migalhas,Noite 2 · Abertura · Material de Apoio p.13 · PDF Aula 02,F10 (story e feed),"A partir de hoje, você não aceita mais migalhas.","Card com a frase. Legenda: Migalha de amor, de dinheiro, de respeito, de tempo. Toda vez que algo tocar o seu coração, escreva: chega de migalhas.","Frase-bandeira, gera identidade de grupo.",Criar um bordão da comunidade.,Topo de funil · engajamento em massa,Comenta CHEGA DE MIGALHAS.,A produzir legenda
Imersão,IM-C10,Card,Sobreviver x conquistar,Noite 2 · Lição I · Material de Apoio p.13 · PDF Aula 02,F11 e F12 (story e feed),Quem sobrevive não conquista.,"Card com a frase. Legenda: O que você realmente conquistou nos últimos 12 meses? Se a resposta for quase nada, você não é sobrevivente. Você está sobrevivente.",Pergunta de diagnóstico que provoca reflexão imediata.,Criar urgência de mudança.,Meio de funil · consciência do problema,Responde nos comentários: o que você conquistou este ano?,A produzir legenda
Imersão,IM-C11,Card,Autovalor,Noite 2 · Lição II · Material de Apoio p.13-14 · PDF Aula 02,F13 (story e feed),O mundo te enxerga da forma que você se enxerga.,"Card com a frase. Legenda: As pessoas te tratam dentro do valor que você se dá. Se você se vê pequena, todos vão te ver pequena.","Autoestima como causa, não consequência.",Trabalhar autovalor.,Topo de funil · compartilhamento,Manda para uma amiga que precisa se enxergar maior.,A produzir legenda
Imersão,IM-C12,Card,Governar as emoções,Noite 2 · Lição V · Material de Apoio p.14-15 · PDF Aula 02,F15 (story e feed),"Se você não governa as suas emoções, não governa mais nada na sua vida.","Card com a frase. Legenda: Quantas carreiras, casamentos e famílias foram destruídos num único momento de raiva?",Emoção como centro de tudo na era da IA.,Posicionar inteligência emocional como habilidade essencial.,Topo de funil · autoridade,Salva e lê quando a raiva chegar.,A produzir legenda
Imersão,IM-C13,Card,Perdão,Noite 2 · Prática · Material de Apoio p.16-17 · PDF Aula 02,F16 (story e feed),Eu te perdoo e te liberto.,"Card com a frase. Legenda: Perdoar não é concordar, nem aceitar, nem conviver. É decidir não carregar mais o lixo de algo que você não fez.",Ressignifica o perdão e derruba a resistência.,Convite para a prática do perdão.,Meio de funil · emoção profunda,Comenta EU ME LIBERTO.,A produzir legenda
Imersão,IM-C14,Card,Mudar de vida,Noite 2 · Não trave o processo · Material de Apoio p.17 · PDF Aula 02,F17 e F18 (story e feed),Melhorar de vida é ganhar mais. Mudar de vida é nunca mais voltar.,Card com a frase. Legenda: Muita gente vive de imersão em imersão sem mudar de vida porque trava o processo no meio. Obediência é maturidade.,Diferencia melhora pontual de transformação.,Preparar para oferta de continuidade (Clube Secreto).,Fundo de funil · aquecimento para oferta,"Comenta MUDAR se você quer mudar, e não só melhorar.",A produzir legenda
Imersão,IM-C15,Card,Soltar o velho,Noite 3 · Abertura · Material de Apoio p.20 · PDF Aula 03,F19 (story e feed),O universo só te dá o novo quando você escolhe soltar o velho.,"Card com a frase. Legenda: O que você ainda está segurando que, no fundo, já sabe que deveria ter soltado?",Pergunta aberta que gera comentários longos.,Trabalhar desapego.,Topo de funil · comentários,Responde nos comentários: do que você vai se despedir hoje?,A produzir legenda
Imersão,IM-C16,Card,Nova identidade,Noite 3 · Eu do futuro · Material de Apoio p.22 · PDF Aula 03,F21 e F22 (story e feed),Eu ganhei a pessoa que eu nasci para ser.,"Card com a frase. Legenda: Quando perguntarem o que você ganhou mudando, responda assim.","Encerramento emocional, prova de transformação.",Fechar a jornada com esperança.,Fundo de funil · desejo,Comenta EU NASCI PARA SER MAIS.,A produzir legenda
Imersão,IM-K01,Carrossel,As regras do jogo que ninguém te ensinou,Noite 1 · Lições I a IV · Material de Apoio p.6-7 · PDF Aula 01,Capa: F02 (feed),Ninguém te entregou o manual da vida. Aqui estão 4 regras.,"Slide 1: Ninguém te entregou o manual da vida. / Slide 2: Regra 1: você não é, você está. O seu nome e o seu cargo são estados. / Slide 3: Regra 2: tudo é energia, e só existe uma. / Slide 4: Regra 3: o universo é um espelho e devolve o que você vibra. / Slide 5: Regra 4: o que você sente vibra 5.000 vezes mais forte do que o que você pensa. / Slide 6: Agora você sabe as regras. Falta praticar. / Slide 7: CTA.","Didático e sequencial, entrega valor real e gera salvamento.",Mostrar a profundidade do conteúdo da Imersão.,Meio de funil · salvamentos e compartilhamentos,Salva este post e comenta REGRAS para receber a próxima parte.,A produzir
Imersão,IM-K02,Carrossel,O CD em branco,Noite 1 · Lição VI · Material de Apoio p.8-9 · PDF Aula 01,—,A sua vida é uma música gravada antes dos 7 anos.,"Slide 1: A sua vida é uma música gravada antes dos 7 anos. / Slide 2: Na barriga da mãe você era um CD em branco. / Slide 3: Tudo o que ela sentia gravava uma música: amor ou medo. / Slide 4: Até os 7 anos só existe o subconsciente: o que te disseram virou verdade. / Slide 5: Adulta, o CD toca as mesmas músicas e atrai pessoas da mesma frequência. / Slide 6: Por isso diploma nenhum resolve. A solução é regravar. / Slide 7: CTA.",Metáfora forte e fácil de entender.,Levar à necessidade de reprogramação.,Meio de funil · educação,Comenta CD e me conta: qual música ainda toca na sua vida?,A produzir
Imersão,IM-K03,Carrossel,Quem programou você,Noite 2 · Lição IV · Material de Apoio p.14 · PDF Aula 02,—,4 programadores gravaram a sua mente. Você não escolheu nenhum.,"Slide 1: gancho. / Slide 2: Pai e mãe: a primeira programação. / Slide 3: A escola: ensinou a decorar, não a governar as emoções. / Slide 4: TV e novelas: o rico é vilão, o pobre é bonzinho. / Slide 5: ""Estude para ser alguém"": e aos 40 você ainda espera a vida começar. / Slide 6: A boa notícia: o que foi programado pode ser reprogramado. / Slide 7: CTA.",Tira a culpa e mostra a origem das crenças.,Despertar desejo de reprogramação.,Meio de funil · identificação,Salva e marca alguém que também foi programada assim.,A produzir
Imersão,IM-K04,Carrossel,Quanto valem 30 dias da sua vida,Noite 2 · Lições II e III · Material de Apoio p.13-14 · PDF Aula 02,Capa: F13 (feed),Quanto dinheiro valeria 30 dias da sua vida?,"Slide 1: gancho. / Slide 2: A turma respondeu: R$ 5 mil, R$ 10 mil, R$ 15 mil. / Slide 3: Agora imagine um bilionário com 30 dias de vida. / Slide 4: Ele daria tudo. A vida não tem preço. / Slide 5: E mesmo assim você se vende barato. / Slide 6: 1 × 0 = 0. Se você não investe em você, o retorno é zero. / Slide 7: CTA.",Choque de perspectiva sobre valor pessoal.,Justificar investimento em si mesma (quebra de objeção de preço).,Fundo de funil · objeção de preço,Comenta VALOR e eu te mando o próximo passo.,A produzir
Imersão,IM-K05,Carrossel,Escala de Hawkins,Noite 2 · Lição VI · Material de Apoio p.15 · PDF Aula 02,—,Em qual frequência você passou o dia de hoje?,"Slide 1: gancho. / Slide 2: A Escala de Hawkins organiza as emoções em níveis. / Slide 3: Embaixo: vergonha, culpa, medo, raiva, tristeza. / Slide 4: Em cima: coragem, amor, alegria, paz. / Slide 5: O universo devolve a frequência em que você vive. / Slide 6: Prática: gratidão ao acordar, antes do celular. / Slide 7: CTA.",Ferramenta visual de autodiagnóstico.,Educar e gerar prática diária.,Meio de funil · salvamentos,Salva e me conta: em que nível você está agora?,A produzir
Imersão,IM-K06,Carrossel,O que o perdão é e o que não é,Noite 2 · Prática · Material de Apoio p.17 · PDF Aula 02,Capa: F16 (feed),Perdoar não é o que te ensinaram.,Slide 1: gancho. / Slide 2: Perdoar NÃO é concordar com o que fizeram. / Slide 3: NÃO é aceitar que foi certo. / Slide 4: NÃO é ser obrigada a conviver. / Slide 5: Perdoar É decidir não carregar o lixo de algo que você não fez. / Slide 6: É rasgar o cheque em branco que você esperava cobrar. / Slide 7: CTA.,Derruba a principal resistência ao perdão.,Preparar para a Hipnose de Desbloqueio.,Meio de funil · emoção,Comenta EU TE LIBERTO.,A produzir
Imersão,IM-K07,Carrossel,As duas listas,Noite 3 · Exercícios 1 e 2 · Material de Apoio p.20-21 · PDF Aula 03,—,Pega papel e caneta. Esse exercício pode mudar os seus próximos 12 meses.,"Slide 1: gancho. / Slide 2: Folha 1: ""Do que eu me despeço hoje"". / Slide 3: Exemplos: dívidas, medo, culpa, relações tóxicas, falta de gratidão. / Slide 4: Folha 2: ""Tudo o que eu vou conquistar em 12 meses"". / Slide 5: Seja específica: o peso, o valor, o prazo. / Slide 6: Revise todo mês e risque o que já não é seu. / Slide 7: CTA.","Exercício prático e acionável, alto salvamento.",Entregar uma amostra do método.,Topo de funil · salvamentos e envio,Salva e faz hoje. Depois comenta FIZ.,A produzir
Imersão,IM-K08,Carrossel,Protocolo diário pós-Imersão,Rotina · Material de Apoio p.26 · PDF Aula 03,—,7 hábitos que mantêm a sua frequência alta.,"Slide 1: gancho. / Slide 2: Ao acordar: gratidão antes do celular. / Slide 3: De hora em hora: 1 minuto de ativação. / Slide 4: Durante o dia: troque reclamação por gratidão. / Slide 5: Ao sentir o velho padrão: ""chega de migalhas"". / Slide 6: Antes de dormir: mantra. Uma vez por mês: revise as listas. / Slide 7: CTA.",Rotina simples dá sensação de controle.,Mostrar que a transformação é prática diária.,Meio de funil · salvamentos,Salva e começa amanhã cedo.,A produzir
Imersão,IM-R01,Reels,A história da Dra. Próton,Noite 1 · Abertura · Material de Apoio p.6,—,Aos 30 anos eu vivia uma vida que eu não queria.,"Corte da abertura da Noite 1: família em que ninguém dizia ""eu te amo"", a frase ""a nossa vida é assim porque Deus quis"", a moeda de R$ 1 para a escola. Fechamento: ""Eu escolhi interromper essa corrente."" Legenda: Alguém da sua família precisa interromper a corrente. Por que não você?",Storytelling de origem gera conexão e autoridade.,Humanizar a marca e mostrar prova de transformação.,Topo de funil · alcance,Comenta CORRENTE se você vai ser quem interrompe.,Selecionar corte
Imersão,IM-R02,Reels,Experimento do prato,Noite 1 · Lição V · Material de Apoio p.8,—,Faça este teste de 30 segundos com o seu cérebro.,"Corte do exercício do prato: arroz, feijão, bife, a primeira garfada… e os bichos no arroz. Texto na tela: ""Você sentiu nojo? Nada disso é real."" Fechamento: ""O seu cérebro não distingue o real do imaginado. Imagine o que isso faz quando você remói o passado.""","Experiência interativa, alta retenção.",Provar o conceito na prática.,Topo de funil · retenção e compartilhamento,Comenta SENTI se o seu corpo reagiu.,Selecionar corte
Imersão,IM-R03,Reels,O jogo sem regras,Noite 1 · Lição I · Material de Apoio p.6,F02 como capa,Imagina ganhar um jogo sem manual.,"Corte da metáfora do jogo de tabuleiro. Texto na tela: ""Você não estava perdendo por falta de esforço."" Fechamento com a frase F02.","Metáfora universal, fácil de entender.",Tirar a culpa e abrir para o método.,Topo de funil · alcance,Segue para aprender as regras que ninguém te ensinou.,Selecionar corte
Imersão,IM-R04,Reels,Modo Obcecado,Noite 1 · Exercício · Material de Apoio p.9-10 · PDF Aula 01,—,1 minuto por hora que pode mudar a sua frequência financeira.,"Tutorial: programar alarme de hora em hora, fechar os olhos, repetir ""Eu ativo 520 741 8. Ativado."", visualizar o dinheiro entrando. Texto na tela com os passos.","Tutorial prático, gera teste e prova social nos comentários.",Gerar resultado rápido e relatos.,Meio de funil · salvamentos e relatos,"Salva, programa o alarme agora e comenta ATIVADO.",Gravar ou selecionar corte
Imersão,IM-R05,Reels,Quanto valem 30 dias,Noite 2 · Lição II · Material de Apoio p.13,—,Quanto você pagaria por mais 30 dias de vida?,"Corte da provocação do bilionário com 30 dias de vida. Fechamento: ""O mundo te enxerga da forma que você se enxerga.""","Provocação forte, gera comentários.",Trabalhar autovalor e investimento em si.,Meio de funil · comentários,Responde nos comentários: quanto valem 30 dias da sua vida?,Selecionar corte
Imersão,IM-R06,Reels,1 × 0 = 0,Noite 2 · Lição III · Material de Apoio p.14,F14 como capa,A matemática que explica por que a sua vida não anda.,"Corte: ""1 × 0 é zero. Mil × 0 é zero. Um bilhão × 0 é zero."" Complemento: investir em si é mentoria, corpo, alimentação e mente.","Lógica simples, difícil de rebater.",Quebrar objeção de investimento.,Fundo de funil · objeção de preço,Link na bio para a Imersão.,Selecionar corte
Imersão,IM-R07,Reels,Hipnose não é o que você viu na TV,Noite 2 · Lição VII · Material de Apoio p.15,—,Você entra em hipnose várias vezes por dia e nem percebe.,"Corte explicando hipnose: dirigir sem lembrar do caminho, o banho sem saber se lavou o cabelo. Fechamento: ""É nesse estado que a mente pode ser reprogramada.""",Desmistifica e reduz medo da técnica.,Quebrar objeção sobre hipnose.,Meio de funil · educação,Comenta HIPNOSE para saber como funciona a Hipnose de Desbloqueio.,Selecionar corte
Imersão,IM-R08,Reels,Depoimento pós-Hipnose de Desbloqueio,Noite 2 · Prática · Material de Apoio p.16-17,"Usar depoimentos já prontos do Desafio, se forem os mesmos",O que aconteceu depois que eu perdoei,"Relato de aluna sobre a Hipnose de Desbloqueio e o perdão. Texto na tela: ""Eu te perdoo e te liberto.""",Prova social emocional.,Gerar desejo pela experiência.,Fundo de funil · prova social,Link na bio para viver a Imersão.,Separar depoimento
Imersão,IM-R09,Reels,O chamado de Nicodemos,Noite 3 · Lição I · Material de Apoio p.20,—,Você também está atrás da parede?,"Corte com a história de Nicodemos (The Chosen). Fechamento: ""O conhecido tem uma segurança ilusória que o novo ainda não tem.""","Narrativa bíblica com público de fé, alta identificação.",Trabalhar a coragem de mudar.,Meio de funil · emoção,Comenta EU VOU se você não vai mais ficar atrás da parede.,Selecionar corte
Imersão,IM-R10,Reels,Riscar com vontade,Noite 3 · Lição 3.7 · Material de Apoio p.23,F19 como capa,Acabou.,"Corte da Dra. Próton conduzindo: ""Acabou o medo governando a minha vida. Acabou a ansiedade me fazendo travar. Acabou a carência me fazendo aceitar migalhas."" Tela preta com ""ACABOU"" a cada frase.","Ritmo forte e catártico, alta retenção.",Fechar a jornada com emoção e decisão.,Topo de funil · alcance,Comenta ACABOU.,Selecionar corte
Imersão,IM-Q01,Caixinha de perguntas,Autodiagnóstico,Noite 2 · Lição I · Material de Apoio p.13,—,O que você realmente conquistou nos últimos 12 meses?,"Story da caixinha com a pergunta. Resposta modelo: ""Se a resposta foi quase nada, você não é sobrevivente, você está sobrevivente. E isso muda."" Repostar 5 respostas anônimas com comentário da Dra.",Gera conversa e mapeia dores do público.,Coletar dores reais para copy.,Stories · pesquisa de público,Responde na caixinha. Eu vou responder as melhores.,A publicar
Imersão,IM-Q02,Caixinha de perguntas,Do que você se despede,Noite 3 · Exercício 1 · Material de Apoio p.20-21,—,Do que você vai se despedir hoje?,"Caixinha aberta. Resposta modelo: ""Escreve numa folha. Guarda. Todo mês você volta e risca."" Repostar respostas agrupadas por área (dinheiro, emoções, família).",Envolvimento emocional e compromisso público.,Aplicar o exercício da Noite 3 em massa.,Stories · engajamento,Responde na caixinha: eu me despeço de…,A publicar
Imersão,IM-Q03,Caixinha de perguntas,Dúvidas sobre hipnose,Noite 2 · Lição VII · Material de Apoio p.15,—,Qual a sua maior dúvida sobre hipnose?,"Caixinha de dúvidas. Respostas modelo: hipnose não é ficar desacordada, você não perde o controle, é um estado de relaxamento profundo que você já vive no dia a dia.",Quebra objeções antes da oferta.,Reduzir medo da técnica.,Stories · quebra de objeção,Manda a sua dúvida que eu respondo.,A publicar
Imersão,IM-Q04,Caixinha de perguntas,Frases da infância,Noite 1 · Lição VI · Material de Apoio p.8-9,—,Qual frase você ouvia na infância e ainda repete para si?,"Caixinha aberta. Resposta modelo: ""Essa é a música do seu CD. E música se regrava."" Repostar frases como ""dinheiro não dá em árvore"", ""rico é ladrão"".",Revela crenças limitantes do público.,Coletar crenças para conteúdo futuro.,Stories · pesquisa de público,Responde na caixinha: a frase que eu mais ouvia era…,A publicar
Imersão,IM-Q05,Caixinha de perguntas,Relatos do Modo Obcecado,Noite 1 · Exercício · Material de Apoio p.9-10,—,Você fez a ativação de hora em hora? O que mudou?,"Caixinha de relatos. Repostar os relatos com a observação da Dra.: o primeiro sinal de que a frequência subiu é você se sentir melhor, antes mesmo do dinheiro.",Gera prova social espontânea.,Coletar depoimentos.,Stories · prova social,Me conta na caixinha o que mudou.,A publicar
Imersão,IM-Q06,Caixinha de perguntas,Quanto vale a sua vida,Noite 2 · Lição II · Material de Apoio p.13-14,—,Quanto dinheiro valeria 30 dias da sua vida?,Enquete + caixinha. Resposta modelo com a história do bilionário e a frase F13.,Provoca reflexão sobre autovalor.,Preparar objeção de preço.,Stories · aquecimento,Responde com um valor.,A publicar
Desafio,DE-C01,Card,Vida no automático,Noite 1 · Lição 4 · Manual da Noite 01 p.6 · Manual-Noite-01-A-Nova-Realidade-CLARO.pdf,—,Você não está vivendo a vida que escolheu. Está vivendo a vida automática que impuseram a você.,"Card com a frase. Legenda: Você nunca escolheu a ansiedade, as dívidas, o cansaço extremo. Você estava no automático, como um carro ligado sem ninguém no volante: ele vai para qualquer lugar. Isso não é culpa sua.",Identificação: a seguidora se reconhece na vida automática e percebe que não é falta de esforço.,Abrir a porta para a ideia de que existe outra forma de viver.,Topo de funil · alcance e identificação · repostável,Comenta EU ESCOLHO se você decidiu parar de viver no automático.,A produzir legenda
Desafio,DE-C02,Card,As regras do jogo,Noite 1 · Lição 4 · Manual da Noite 01 p.6 · Manual-Noite-01-A-Nova-Realidade-CLARO.pdf,—,Você não é preguiçosa. Só nunca recebeu as regras do jogo.,"Card com a frase. Legenda: Você não é preguiçosa, não é indisciplinada, não é fraca. Você está rodando um padrão que ninguém te ensinou a desligar. É exatamente isso que a gente faz juntas.","Tira a culpa da seguidora e reposiciona o problema: falta o manual, não esforço.",Apresentar a Dra. Próton como quem entrega as regras do jogo.,Topo de funil · autoridade · salvamentos,Salva para lembrar: o problema nunca foi você.,A produzir legenda
Desafio,DE-C03,Card,"Estar, não ser",Noite 1 · Lição 5 · Manual da Noite 01 p.7 · Manual-Noite-01-A-Nova-Realidade-CLARO.pdf,—,Não é quem nós somos. É quem nós estamos.,"Card com a frase. Legenda: Eu não sou a Dra. Próton. Eu estou Dra. Próton agora. Você não é o seu nome, nem o seu cargo, nem o seu problema: tudo isso são estados, com começo, meio e fim. E estado se muda.","Mudança de identidade: sai do ""eu sou assim"" e entra no ""eu estou assim"".",Abrir a porta para a reprogramação.,Topo de funil · compartilhamento,Manda para alguém que precisa lembrar disso hoje.,A produzir legenda
Desafio,DE-C04,Card,O deserto,Noite 1 · Lição 1 · Manual da Noite 01 p.3 · Manual-Noite-01-A-Nova-Realidade-CLARO.pdf,—,O deserto é o que define se uma pessoa explode ou não.,"Card com a frase. Legenda: No meu aniversário eu vi o sol nascer no deserto de Dubai. Lá, a única forma de sobreviver é fazer tudo diferente do que você faria antes. Muita gente atravessa o próprio deserto fazendo o mesmo de sempre e não entende por que não sai do lugar.",Metáfora forte que dá nome à fase difícil e valida quem está nela.,Introduzir o vocabulário da Dra. (deserto) que atravessa as 5 noites.,Topo de funil · identificação · salvamentos,Comenta DESERTO se você está atravessando o seu agora.,A produzir legenda
Desafio,DE-C05,Card,Cinco dias,Noite 1 · Lição 2 · Manual da Noite 01 p.4 · Manual-Noite-01-A-Nova-Realidade-CLARO.pdf,—,Cinco dias não mudam a vida inteira. Mas começam a destravar o que está parado.,Card com a frase. Legenda: Eu sou honesta: dizer que cinco dias mudam tudo seria mentir. Mas em cinco dias você começa a desbloquear aquilo que está travado. A maioria das pessoas poderia viver uma vida extraordinária e não vive porque começa e abandona no meio do deserto. Eu termino tudo o que eu começo.,"Honestidade como autoridade: não promete milagre, promete um começo.",Convidar para o compromisso de terminar o que começa.,Topo de funil · confiança · comentários,Comenta EU TERMINO se você vai até o fim desta vez.,A produzir legenda
Desafio,DE-C06,Card,O universo é um espelho,Noite 1 · Lição 8 · Manual da Noite 01 p.10 · Manual-Noite-01-A-Nova-Realidade-CLARO.pdf,—,O universo não me devolve o que eu quero. Me devolve o que eu sou.,"Card com a frase. Legenda: Não adianta brigar com o espelho por causa do cabelo ou da barriga: ele só mostra o que está na frente dele. Para mudar o que volta, mude o que você emite. O plantio é opcional, mas a colheita é obrigatória.","Metáfora simples e visual da lei do espelho, com frase que dá vontade de escrever no papel.",Ensinar um conceito-base do Desafio.,Meio de funil · educação · salvamentos,Salva e relê quando o dia começar a dar errado.,A produzir legenda
Desafio,DE-C07,Card,Real ou imaginado,Noite 1 · Lição 7 · Manual da Noite 01 p.9 · Manual-Noite-01-A-Nova-Realidade-CLARO.pdf,—,O seu corpo reage a uma cena imaginada como se ela fosse real.,"Card com a frase. Legenda: Quando a Dra. pediu para imaginar larvas subindo pelo prato favorito, a turma sentiu nojo, ânsia, arrepio. Quando pediu para imaginar o abraço de quem a gente mais ama, veio alegria e choro. Todo mundo sabia que estava em casa. O cérebro não sabe distinguir o real do imaginado.","Explicação simples com aplicação imediata: o que você repete na cabeça, o corpo vive.",Mostrar o poder da visualização e da vigilância do pensamento.,Meio de funil · educação,Comenta SENTI se o seu corpo reagiu só de ler.,A produzir legenda
Desafio,DE-C08,Card,"Reset, chega de migalhas",Noite 2 · Abertura · Manual da Aula 02 p.2 · Manual-Aula-02-A-Noite-do-Reset-Mental.pdf,—,Reset. Chega de migalhas.,"Card com a frase. Legenda: Na Noite 2 o combinado mudou. Toda vez que algo tocar fundo, escreva: reset, chega de migalhas. É assim que o cérebro começa a treinar para nunca mais voltar ao padrão antigo.","Frase-bandeira da Dra., gera identidade de grupo.",Criar um bordão da comunidade.,Topo de funil · engajamento em massa,"Comenta RESET, CHEGA DE MIGALHAS.",A produzir legenda
Desafio,DE-C09,Card,Sobrevivente x conquistadora,Noite 3 · Lição 4 · Manual da Aula 03 p.6 · Manual-Aula-03-O-Dia-da-Reconexao.pdf,—,Você não é sobrevivente. Você está sobrevivente.,"Card com a frase. Legenda: Quem sobrevive não conquista. Olha para os últimos meses: o que você realmente conquistou? Se a resposta for quase nada, não é sentença. É um estado. E estado se muda.",Pergunta de diagnóstico que provoca reflexão sem culpa.,Criar consciência de que é possível sair do modo sobrevivência.,Meio de funil · consciência do problema,Responde nos comentários: o que você conquistou nos últimos meses?,A produzir legenda
Desafio,DE-C10,Card,Autovalor,Noite 3 · Lição 2 · Manual da Aula 03 p.4 · Manual-Aula-03-O-Dia-da-Reconexao.pdf,—,O mundo te enxerga da forma que você se enxerga.,"Card com a frase. Legenda: Quer saber o valor que você se dá? É só olhar para o que você aguenta: que tipo de salário você suporta, que tipo de relacionamento você suporta. Se você se vê pequena, o mundo todo te vê pequena.","Autoestima como causa, não como consequência.",Trabalhar autovalor.,Topo de funil · compartilhamento,Manda para uma amiga que precisa se enxergar maior.,A produzir legenda
Desafio,DE-C11,Card,Governar as emoções,Noite 2 · Lição 4 · Manual da Aula 02 p.6 · Manual-Aula-02-A-Noite-do-Reset-Mental.pdf,—,"Se você não governa as suas emoções, não governa mais nada.","Card com a frase. Legenda: Quantos artistas perdem a carreira num momento de descontrole? Quantas famílias se destroem num ataque de raiva? Na era da inteligência artificial, a única coisa que a máquina não sabe fazer é ser humana.",Posiciona a inteligência emocional como habilidade essencial hoje.,Reforçar a autoridade da Dra. com um ensinamento direto.,Topo de funil · autoridade,Salva e lê quando a raiva chegar.,A produzir legenda
Desafio,DE-C12,Card,Perdão,Noite 5 · Lição 4 · Manual da Aula 05 p.6 · Manual-Aula-05-O-Dia-da-Criacao.pdf,—,Perdoar é rasgar o cheque em branco que você guardou a vida inteira.,"Card com a frase. Legenda: Perdoar não significa gostar da pessoa, concordar com o que ela fez nem voltar a vê-la. O perdão não tem nada a ver com ela: tem a ver com você. É cancelar uma dívida que pesava nas suas costas, e não nas dela.",Ressignifica o perdão e derruba a resistência.,Convite para a prática do perdão.,Meio de funil · emoção profunda,Comenta EU ME LIBERTO.,A produzir legenda
Desafio,DE-C13,Card,Eu valho mais que uma pizza,Noite 3 · Lição 4 · Manual da Aula 03 p.6 · Manual-Aula-03-O-Dia-da-Reconexao.pdf,—,Eu valho mais que uma pizza.,"Card com a frase. Legenda: Para a pizza, o lanche e a cerveja do fim de semana sempre tem. Para você, não. Investir em você não é só dinheiro: é comida boa, cuidar do corpo, alimentar a mente. Não existe vida extraordinária sem isso.","Pergunta incômoda dita com leveza; prepara a objeção ""não invisto em mim"".",Aquecer a seguidora para a ideia de investir em si mesma.,Fundo de funil · aquecimento para oferta,Comenta VALHO se você vai se colocar na lista de prioridades.,A produzir legenda
Desafio,DE-C14,Card,Melhorar x mudar,Noite 2 · Lição 9 · Manual da Aula 02 · Manual-Aula-02-A-Noite-do-Reset-Mental.pdf,—,Melhorar de vida é ganhar mil reais a mais. Mudar de vida é nunca mais voltar ao patamar anterior.,"Card com a frase. Legenda: E para mudar de vida existe uma única característica: ser obediente ao processo. Quando você caminha em direção a uma transformação, tudo começa a puxar você de volta. Quem está comprometida atravessa.",Diferencia melhora pontual de transformação.,Preparar a continuidade do Desafio (Clube Secreto).,Fundo de funil · aquecimento para oferta,"Comenta MUDAR se você quer mudar, e não só melhorar.",A produzir legenda
Desafio,DE-C15,Card,Não trave o processo,Noite 2 · Lição 9 · Manual da Aula 02 · Manual-Aula-02-A-Noite-do-Reset-Mental.pdf,—,"""Já fiz a hipnose, já está bom."" Isso é escassez.","Card com a frase. Legenda: Toda vez que você vive algo transformador, aparece a tentação de parar. Travar o processo é interromper a transformação no meio. Obediência é maturidade: a criança desobedece, a pessoa madura segue à risca.","Nomeia o padrão de parar no meio, que a seguidora reconhece em si.",Preparar a continuidade do Desafio (Clube Secreto).,Fundo de funil · aquecimento para oferta,Comenta NÃO TRAVO se você vai até o fim do processo.,A produzir legenda
Desafio,DE-C16,Card,Minha criança,Noite 5 · Lição 8 · Manual da Aula 05 p.10 · Manual-Aula-05-O-Dia-da-Criacao.pdf,—,Eu nunca mais abandono a minha criança.,"Card com a frase. Legenda: Toda vez que você parou no meio do caminho, quem ficou para trás foi ela. Não é preguiça. Você parou porque ninguém nunca caminhou do seu lado. Agora você é a adulta dela.",Encerramento emocional que une a hipnose da Noite 5 à decisão de continuar.,Fechar a jornada com acolhimento e decisão.,Fundo de funil · desejo e continuidade,Comenta ABRAÇO se você vai escolher a sua criança hoje.,A produzir legenda
Desafio,DE-K01,Carrossel,As regras do jogo que ninguém te ensinou,"Noite 1 · Lições 5, 7 e 8 · Manual da Noite 01 p.7, 9 e 10 · Manual-Noite-01-A-Nova-Realidade-CLARO.pdf",—,Ninguém te entregou o manual da vida. Aqui estão 4 regras.,"Slide 1: Ninguém te entregou o manual da vida. / Slide 2: Regra 1: você não é, você está. O seu nome e o seu cargo são estados. / Slide 3: Regra 2: no campo energético só existe um tipo de energia. / Slide 4: Regra 3: o universo é um espelho e devolve o que você é, não o que você quer. / Slide 5: Regra 4: o cérebro não distingue o real do imaginado. / Slide 6: Agora você conhece as regras. Falta praticar. / Slide 7: Salva este post e comenta REGRAS para receber a próxima parte.","Didático e sequencial, entrega valor real e gera salvamento.",Mostrar a profundidade do conteúdo do Desafio.,Meio de funil · salvamentos e compartilhamentos,Salva este post e comenta REGRAS para receber a próxima parte.,A produzir
Desafio,DE-K02,Carrossel,Quem programou a sua mente,Noite 2 · Lição 3 · Manual da Aula 02 p.5 · Manual-Aula-02-A-Noite-do-Reset-Mental.pdf,—,4 programadores gravaram a sua mente. Você não escolheu nenhum.,"Slide 1: 4 programadores gravaram a sua mente. Você não escolheu nenhum. / Slide 2: Pai e mãe: a primeira programação. Você é uma extensão deles. / Slide 3: A escola: ensinou a decorar, não a governar as emoções. / Slide 4: TV, desenhos e novelas: o rico é o vilão e o pobre é o bonzinho. Ninguém quer ser a pessoa ruim. / Slide 5: O sistema: estuda, faculdade, pós, inglês. Aos 40 você sabe a hipotenusa e não governa as emoções. / Slide 6: Se você não entende a programação que fizeram em você, continua controlada por ela. / Slide 7: Salva e marca alguém que também foi programada assim.",Tira a culpa e mostra a origem das crenças.,Despertar o desejo de reprogramação.,Meio de funil · identificação,Salva e marca alguém que também foi programada assim.,A produzir
Desafio,DE-K03,Carrossel,"O poder do ""eu sou""",Noite 4 · Lição 3 · Manual da Aula 04 p.5 · Manual-Aula-04-O-Dia-da-Prosperidade.pdf,—,"Tudo o que vem depois do ""eu sou"" é uma criação.","Slide 1: Tudo o que vem depois do ""eu sou"" é uma criação. / Slide 2: Moisés perguntou a Deus o que dizer. A resposta: ""Eu sou o que sou"" (Êxodo 3). / Slide 3: O que você planta hoje: ""eu sou burra"", ""eu sou pobre"", ""isso não é pra mim"". / Slide 4: O que você pode passar a plantar: ""eu sou capaz"", ""eu sou próspera"", ""eu sou capaz de terminar o que eu começo"". / Slide 5: Você pode estar sem dinheiro. Por que transformar a falta de dinheiro no seu nome? / Slide 6: Fale de você com apreço e aja de acordo com o que afirma. / Slide 7: Comenta EU SOU e escreve a frase que você vai trocar hoje.",Conecta fé e linguagem e dá um exercício simples.,Ensinar a vigiar a fala sobre si mesma.,Meio de funil · educação e fé · salvamentos,Comenta EU SOU e escreve a frase que você vai trocar hoje.,A produzir
Desafio,DE-K04,Carrossel,Escala de Hawkins,Noite 2 · Lições 5 e 6 · Manual da Aula 02 p.7-8 · Manual-Aula-02-A-Noite-do-Reset-Mental.pdf,—,Em qual campo você passou o dia de hoje?,"Slide 1: Em qual campo você passou o dia de hoje? / Slide 2: A Escala de Hawkins mostra o que você vibra em cada emoção. / Slide 3: Campo contraído: vergonha, culpa, apatia, pesar e medo. / Slide 4: Campo expandido: amor, alegria, paz e iluminação. / Slide 5: Vibrar embaixo é emitir baixa frequência e receber mais disso. / Slide 6: Prática: gratidão ao acordar, antes de pegar o celular. Vida, família, casa, alimento. / Slide 7: Salva e me conta: em qual campo você está agora?",Ferramenta visual de autodiagnóstico.,Educar e gerar uma prática diária simples.,Meio de funil · salvamentos,Salva e me conta: em qual campo você está agora?,A produzir
Desafio,DE-K05,Carrossel,O que o perdão é e o que não é,Noite 2 · Lição 8 · Manual da Aula 02 · Manual-Aula-02-A-Noite-do-Reset-Mental.pdf,—,Perdoar não é o que te ensinaram.,Slide 1: Perdoar não é o que te ensinaram. / Slide 2: Perdoar NÃO é concordar com o que fizeram. / Slide 3: NÃO é continuar andando com a pessoa. / Slide 4: NÃO é ser obrigada a conviver. / Slide 5: Perdoar É uma decisão emocional. / Slide 6: É cancelar a dívida e rasgar o cheque em branco que você esperava cobrar. / Slide 7: Comenta EU TE LIBERTO.,Derruba a principal resistência ao perdão.,Preparar para as práticas de perdão do Desafio.,Meio de funil · emoção,Comenta EU TE LIBERTO.,A produzir
Desafio,DE-K06,Carrossel,As duas listas,Noite 4 · Lições 5 e 6 · Manual da Aula 04 p.7-8 · Manual-Aula-04-O-Dia-da-Prosperidade.pdf,—,Pega papel e caneta. Duas folhas podem organizar os seus próximos 12 meses.,"Slide 1: Pega papel e caneta. / Slide 2: Folha 1: ""Hoje eu me despeço de..."". Cada palavra é uma frequência que você declara. / Slide 3: Exemplos: escassez financeira, medo de cobrar pelo meu trabalho, ansiedade, procrastinação, relações tóxicas, falta de fé. / Slide 4: Folha 2: ""Tudo o que eu vou conquistar nos próximos 12 meses"". Escreva como quem já conquistou. / Slide 5: Não tenha medo de escrever. A primeira lista é quem você deixa de ser. A segunda é quem você se torna. / Slide 6: Guarde a primeira e risque item por item. Releia a segunda todos os dias. / Slide 7: Salva e faz hoje. Depois comenta FIZ.","Exercício prático e acionável, alto salvamento.",Entregar uma amostra do método.,Topo de funil · salvamentos e envio,Salva e faz hoje. Depois comenta FIZ.,A produzir
Desafio,DE-K07,Carrossel,A folha de 7 linhas,Noites 1 a 5 · Manual da Aula 05 p.9-10 · Manual-Aula-05-O-Dia-da-Criacao.pdf,—,Esta folha acompanhou as cinco noites. Linha por linha.,Slide 1: Esta folha acompanhou as cinco noites. Linha por linha. / Slide 2: 1. O deserto é o que define se uma pessoa explode ou não. / Slide 3: 2. Eu termino tudo o que eu começo. / Slide 4: 3. A pílula vermelha. / Slide 5: 4. Todos os dias eu escolho o meu difícil. 5. Eu me escolho. / Slide 6: 6. Nunca mais eu deixo de investir em mim. 7. Eu nunca mais abandono a minha criança. / Slide 7: Coloque a folha onde você a veja ao acordar e ao dormir. Comenta FOLHA e me conta qual linha mais te tocou.,Resume o Desafio inteiro em uma peça salvável.,Reforçar a prática diária pós-Desafio.,Meio de funil · retenção e comunidade,Comenta FOLHA e me conta qual linha mais te tocou.,A produzir
Desafio,DE-K08,Carrossel,Melhorar de vida ou mudar de vida,Noite 1 · Lição 2 · Noite 2 · Lição 9 · Manual-Noite-01-A-Nova-Realidade-CLARO.pdf e Manual-Aula-02-A-Noite-do-Reset-Mental.pdf,—,O Desafio foi o começo. Quem para agora trava o próprio processo.,"Slide 1: O Desafio foi o começo. Quem para agora trava o próprio processo. / Slide 2: Cinco dias não mudam a vida inteira. Eles começam a destravar. / Slide 3: Depois de algo forte, aparece a tentação de parar: ""já fiz, já está bom"". / Slide 4: Melhorar de vida é ganhar mil reais a mais. Mudar de vida é nunca mais voltar ao patamar anterior. / Slide 5: A única característica de quem muda: ser obediente ao processo. / Slide 6: Obediência é maturidade. Eu termino tudo o que eu começo. / Slide 7: Quer continuar caminhando com método dentro do Clube Secreto? Comenta CLUBE e eu te conto como.",Usa as próprias frases da Dra. para ligar o Desafio à continuidade.,Aquecer a oferta do Clube Secreto sem pressão.,Fundo de funil · aquecimento para oferta,Comenta CLUBE e eu te conto como continuar.,A produzir
Desafio,DE-R01,Reels,O deserto de Dubai,Noite 1 · Lição 1 · Manual da Noite 01 p.3 · Manual-Noite-01-A-Nova-Realidade-CLARO.pdf,—,Você sabe como uma pessoa sobrevive no deserto?,"Corte da Dra. contando o aniversário em Dubai e a pergunta do motorista: sair andando atrás de ajuda no sol mata; ficar parada à noite também. Na prática: parada de dia e correndo à noite. Texto na tela: ""Para sobreviver ao deserto, faça tudo diferente do que fazia antes."" Fechamento: ""O deserto é o que define se uma pessoa explode ou não.""",Storytelling com pergunta forte gera retenção e autoridade.,Humanizar a Dra. e apresentar a metáfora do deserto.,Topo de funil · alcance,Comenta DESERTO se você está atravessando o seu agora.,A produzir
Desafio,DE-R02,Reels,Larvas no prato,Noite 1 · Lição 7 · Manual da Noite 01 p.9 · Manual-Noite-01-A-Nova-Realidade-CLARO.pdf,—,Faça este teste com o seu cérebro. Leva 30 segundos.,"Corte do experimento do prato: o restaurante favorito, o prato preferido, o cheiro, o talher na boca e, de repente, larvas subindo pela comida. Texto na tela: ""Você sentiu nojo? Nada disso é real."" Corte para o experimento do abraço. Fechamento: ""O cérebro não sabe distinguir o que é real do imaginado.""","Experiência interativa, alta retenção e compartilhamento.",Provar o conceito na prática.,Topo de funil · retenção e compartilhamento,Comenta SENTI se o seu corpo reagiu.,A produzir
Desafio,DE-R03,Reels,Pílula azul ou vermelha,Noite 1 · Lição 4 · Manual da Noite 01 p.6 · Manual-Noite-01-A-Nova-Realidade-CLARO.pdf,—,Você sentiu a vida inteira que tem algo errado. Como uma farpa na mente.,"Corte da Dra. sobre a Matrix: a prisão que você não vê, a pílula azul (a mesma vida) e a pílula vermelha (encarar a verdade, um processo de dentro para fora). Texto na tela: ""Você não é preguiçosa. Só nunca recebeu as regras do jogo."" Fechamento com a frase do C02.","Referência cultural conhecida, gera identificação rápida.",Introduzir a escolha de encarar a verdade.,Topo de funil · alcance,Segue para aprender as regras que ninguém te ensinou.,A produzir
Desafio,DE-R04,Reels,Quanto valem 30 dias,Noite 2 · Lição 1 · Manual da Aula 02 · Manual-Aula-02-A-Noite-do-Reset-Mental.pdf · Guia-de-Conducao-Aula-02.pdf (bloco 6),—,Quanto você pagaria por mais 30 dias de vida?,"Corte da provocação do bilionário com 30 dias de vida: ele daria tudo o que tem, casas, carros, empresas. Texto na tela: ""A vida não tem preço."" Fechamento: ""O mundo te enxerga da forma que você se enxerga.""","Provocação forte, gera comentários.",Trabalhar autovalor.,Meio de funil · comentários,Responde nos comentários: quanto valem 30 dias da sua vida?,A produzir
Desafio,DE-R05,Reels,1 × 0 = 0,Noite 2 · Lição 2 · Manual da Aula 02 · Manual-Aula-02-A-Noite-do-Reset-Mental.pdf · Guia-de-Conducao-Aula-02.pdf (bloco 7),—,A matemática que explica por que a vida não anda.,"Corte: ""1 vezes 0 continua zero. Mil vezes 0 continua zero. Um bilhão vezes 0 continua zero."" Complemento: investir em você não é só dinheiro, é comida boa, academia e a sua mente. Texto na tela: ""Eu valho mais que uma pizza."" Fechamento: ""Se você não investe em você, o resultado da sua vida sempre será zero.""","Lógica simples, difícil de rebater.",Aquecer para a ideia de investir em si mesma.,Fundo de funil · aquecimento para oferta,Comenta VALHO se você vai se colocar na lista.,A produzir
Desafio,DE-R06,Reels,Hipnose não é o que você viu na TV,Noite 2 · Lição 7 · Manual da Aula 02 p.9 · Manual-Aula-02-A-Noite-do-Reset-Mental.pdf · Guia-de-Conducao-Aula-02.pdf (bloco 13),—,Você entra em hipnose várias vezes por dia e nem percebe.,"Corte da Dra. explicando: hipnose não é o que aparece na TV, é um relaxamento profundo em que a mente recebe as informações com clareza. Exemplo: dirigir quilômetros sem lembrar do caminho. Texto na tela: ""É relaxamento, não é ficar desacordada."" Fechamento: a segurança dita na Noite 5: ""Se alguma cena ficar pesada, basta respirar e abrir os olhos.""",Desmistifica e reduz o medo da técnica.,Quebrar objeção sobre hipnose.,Meio de funil · educação,Comenta HIPNOSE se você ainda tem dúvida sobre como funciona.,A produzir
Desafio,DE-R07,Reels,O carro sem destino,Noite 3 · Lição 1 · Manual da Aula 03 p.3 · Manual-Aula-03-O-Dia-da-Reconexao.pdf,—,Um carro caro sem destino te leva a qualquer lugar.,"Corte da metáfora: entre numa Porsche, numa Ferrari, e acelere sem saber para onde quer ir. Agora entre num Fusca, ligue o GPS e coloque o endereço. Texto na tela: ""A clareza do lugar onde você quer chegar importa mais do que o carro."" Fechamento: ""Viver é diferente de estar vivo.""",Metáfora visual e fácil de lembrar.,Trazer clareza como ponto de partida.,Topo de funil · alcance,Comenta DESTINO e escreve onde você quer chegar.,A produzir
Desafio,DE-R08,Reels,O poder do eu sou,Noite 4 · Lição 3 · Manual da Aula 04 p.5 · Manual-Aula-04-O-Dia-da-Prosperidade.pdf,—,"Cuidado com o que você coloca depois do ""eu sou"".","Corte da Dra. sobre Êxodo 3: ""Eu sou o que sou"". Texto na tela alternando: ""Eu sou burra / eu sou pobre"" riscado e ""Eu sou capaz / eu sou capaz de terminar o que eu começo"". Fechamento: ""Tudo o que vem depois do eu sou é uma criação.""","Conecta fé e linguagem, alto potencial de repostagem.",Ensinar a vigiar a fala sobre si mesma.,Meio de funil · educação e fé,Comenta EU SOU e escreve a nova frase.,A produzir
Desafio,DE-R09,Reels,Não é preguiça,Noite 5 · Lição 6 · Manual da Aula 05 p.8 · Manual-Aula-05-O-Dia-da-Criacao.pdf,—,Quem é preguiçosa não estaria numa aula às nove da noite de uma sexta-feira.,"Corte da Dra.: ""Quem é preguiçosa não estaria numa aula às nove da noite de uma sexta-feira, depois de trabalhar o dia inteiro."" Texto na tela: ""Você parou porque ninguém nunca caminhou do seu lado."" Fechamento: ""Toda vez que você parou no meio do caminho, quem ficou para trás foi ela.""",Acolhimento forte e identificação imediata.,Tirar a culpa de quem já abandonou projetos e aquecer a continuidade.,Fundo de funil · desejo e continuidade,Comenta EU CONTINUO se você não vai mais parar no meio.,A produzir
Desafio,DE-R10,Reels,Quando você subir a sua escada,Noite 5 · Lição 9 · Manual da Aula 05 · Manual-Aula-05-O-Dia-da-Criacao.pdf,—,"Quando você subir a sua escada, alguém vai bater.","Corte da Dra. com a história dos cinco macacos: quem tentava subir a escada para pegar a banana apanhava dos outros, ""sempre foi assim por aqui"". Texto na tela: ""Não são pessoas ruins. Foram programadas, assim como você."" Fechamento: ""Você não precisa de uma vida perfeita para sair do deserto. Precisa de direção.""",Prepara a seguidora para a reação de quem convive com ela.,Dar força para sustentar a mudança.,Topo de funil · alcance e compartilhamento,Manda para quem está começando a mudar.,A produzir
Desafio,DE-Q01,Caixinha de perguntas,Autodiagnóstico,Noite 2 · Lição 1 · Manual da Aula 02 · Manual-Aula-02-A-Noite-do-Reset-Mental.pdf,—,O que você realmente conquistou nos últimos meses?,"Story da caixinha com a pergunta. Resposta modelo: ""Se a resposta foi quase nada, você não é sobrevivente, você está sobrevivente. E isso é um estado, e estado se muda."" Repostar 5 respostas anônimas com comentário da Dra.",Gera conversa e mapeia dores do público.,Coletar dores reais para copy.,Stories · pesquisa de público,Responde na caixinha. Eu vou responder as melhores.,A produzir
Desafio,DE-Q02,Caixinha de perguntas,Do que você se despede,Noite 4 · Lição 5 · Manual da Aula 04 p.7 · Manual-Aula-04-O-Dia-da-Prosperidade.pdf,—,Hoje eu me despeço de...,"Caixinha aberta para completar a frase. Resposta modelo: ""Escreve numa folha. Guarda. Conforme a vida for mudando, você risca item por item."" Repostar respostas agrupadas por área (dinheiro, emoções, relações, fé).",Envolvimento emocional e compromisso público.,Aplicar o exercício da Noite 4 em massa.,Stories · engajamento,Responde na caixinha: eu me despeço de...,A produzir
Desafio,DE-Q03,Caixinha de perguntas,Dúvidas sobre hipnose,Noite 2 · Lição 7 · Manual da Aula 02 p.9 · Manual-Aula-02-A-Noite-do-Reset-Mental.pdf · Noite 5 · Manual da Aula 05 p.3 · Manual-Aula-05-O-Dia-da-Criacao.pdf,—,Qual a sua maior dúvida sobre hipnose?,"Caixinha de dúvidas. Respostas modelo: hipnose não é o que aparece na TV, é um relaxamento profundo que você já vive no dia a dia (dirigir sem lembrar do caminho). Se alguma cena ficar pesada, basta respirar, abrir os olhos e ficar só com a voz. Ninguém vai te levar a um lugar aonde você não quer ir.",Quebra objeções antes da próxima prática.,Reduzir o medo da técnica.,Stories · quebra de objeção,Manda a sua dúvida que eu respondo.,A produzir
Desafio,DE-Q04,Caixinha de perguntas,"Qual ""eu sou"" você mais repete",Noite 4 · Exercícios · Manual da Aula 04 · Manual-Aula-04-O-Dia-da-Prosperidade.pdf,—,"Qual frase com ""eu sou"" você mais repete sobre si mesma?","Caixinha aberta. Resposta modelo: ""Tudo o que vem depois do eu sou é uma criação. Anota a frase e reescreve na versão que você quer viver."" Repostar frases anônimas e mostrar a reescrita ao lado.",Revela crenças e linguagem do público.,Coletar crenças para conteúdo futuro.,Stories · pesquisa de público,Responde na caixinha: o meu eu sou mais repetido é...,A produzir
Desafio,DE-Q05,Caixinha de perguntas,O que ficou pela metade,Noite 5 · Lição 6 e Exercício 4 · Manual da Aula 05 p.8 · Manual-Aula-05-O-Dia-da-Criacao.pdf,—,O que você começou com o coração cheio de esperança e não terminou?,"Caixinha aberta. Resposta modelo: ""Não é preguiça. Escolha uma dessas coisas e defina o primeiro passo para concluí-la."" Repostar respostas agrupadas e lembrar a frase: ""Eu termino tudo o que eu começo.""",Valida sem julgar e leva à ação.,Aquecer a seguidora para continuar com método.,Fundo de funil · aquecimento para oferta,Responde na caixinha: eu vou terminar...,A produzir
Desafio,DE-Q06,Caixinha de perguntas,Maior virada de chave,Noite 1 · Frases e Próximo passo · Manual da Noite 01 p.13 · Manual-Noite-01-A-Nova-Realidade-CLARO.pdf,—,Qual foi a sua maior virada de chave nessas noites?,"Caixinha de relatos. Resposta modelo: ""A ficha caiu quando algo pega fundo na alma. Tapa na cara é quando a verdade dói um pouquinho."" Repostar relatos com a observação da Dra.",Gera prova social espontânea e comunidade.,Coletar depoimentos (com autorização).,Stories · prova social,Me conta na caixinha qual foi a sua virada de chave.,A produzir
Clube Secreto,CS25-C01,Card,Honrar os pais,Aula 01 · Como limpar todos os bloqueios emocionais e se tornar uma pessoa irreconhecível · PDF Aula 01,—,Não tem coisa mais incrível pra honrar o seu pai e sua mãe do que você dar certo.,"Card com a frase. Legenda: Viver a mesma vida dos seus pais, ou pior, não honra ninguém. Dar certo, sim. Respeitar, agradecer e seguir em frente, sem esperar que alguém faça por você.",Tira a culpa de quem acha que crescer é trair a família.,Reposicionar o sucesso como forma de honra.,Topo de funil · identificação e compartilhamento,Manda para quem precisa ouvir isso hoje.,A produzir legenda
Clube Secreto,CS25-K01,Carrossel,Como ativar uma sequência de Grabovoi,Aula 02 · Grabovoi · PDF Aula 02,—,Grabovoi não é mágica. Veja como ativar do jeito certo.,"Slide 1: Grabovoi não é mágica. Veja como ativar do jeito certo. / Slide 2: Passo 1: escolha a sequência da área que você quer e defina a intenção. / Slide 3: Passo 2: visualize o resultado já realizado, dentro da sua realidade. / Slide 4: Passo 3: diga ""Eu ativo"" e fale número por número, nunca o número inteiro. / Slide 5: Passo 4: a cada repetição, imagine uma onda saindo do seu corpo para o universo. Finalize com ""ativado"". / Slide 6: Repita ao longo do dia e combine com ação: pensamento positivo sem ação não gera resultado. / Slide 7: Não substitui médico, tratamento ou ação. / Slide 8: CTA.","Passo a passo prático direto da aula, gera salvamento e teste.",Entregar uma amostra do método do Clube.,Meio de funil · educação · salvamentos,Salva este post e comenta ATIVADO quando fizer o seu teste da semana.,A produzir
Clube Secreto,CS25-R01,Reels,Honrar a dor repete o padrão,Aula 03 · O Destravar · PDF Aula 03,—,"Se você culpa seus pais, você repete o que critica.","Corte da Dra. Próton explicando que, ao culpar pai e mãe pelo que não deu certo, a pessoa 'honra a dor' e acaba repetindo o que criticava. Texto na tela: ""Soltar não é concordar."" Fechamento: ""Você é a soma de todos aqueles que viveram antes de você."" Legenda: Soltar as amarras com os pais não é conviver nem concordar. É entender que o maior presente já foi dado: a vida.","Mostra o mecanismo de forma simples, com tema de alta identificação.",Convidar a olhar a história de quem veio antes.,Topo de funil · alcance e emoção,Comenta SOLTO se você decidiu soltar essa amarra.,A produzir
Clube Secreto,CS25-C02,Card,Corpo e paz,Aula 04 · Lei da atração para a saúde · PDF Aula 04,—,Um corpo que tem dor é um corpo que não tem paz.,"Card com a frase. Legenda: Com dor ou depressão, a gente está mal em qualquer lugar. Por isso saúde física, mental e emocional vem antes de qualquer outra conquista. Cuide do corpo, da mente e das emoções. Conteúdo de reflexão e educação: não substitui acompanhamento médico.","Coloca a saúde como base de toda prosperidade, sem prometer cura.",Convidar a seguidora a se colocar em primeiro lugar.,Topo de funil · autoridade e salvamentos,Salva e lembra: primeiro eu.,A produzir legenda
Clube Secreto,CS25-C03,Card,A adulta que cuida,Aula 05 · Sequência · PDF Aula 05,—,Eu me tornei a adulta necessária para cuidar de você.,"Card com a frase. Legenda: Em uma vivência guiada da aula, a seguidora encontra a própria criança interior e diz: eu sou a sua adulta. Quem cuida de você hoje? Esse acolhimento começa em você. Reflexão guiada, não substitui acompanhamento terapêutico.",Frase de acolhimento que gera identificação imediata.,Apresentar a criança interior como parte do método.,Meio de funil · emoção profunda,Comenta CRIANÇA se você vai cuidar dela a partir de hoje.,A produzir legenda
Clube Secreto,CS25-C04,Card,Saber x aplicar,"Aula 06 · Encontro 18.06.2024 · Hábito diário, metas claras e enriquecimento · PDF Aula 06",—,"O segredo está em aplicar, em fazer, e não só saber que existe.","Card com a frase. Legenda: Muita gente se encanta com a lei da atração e desiste porque sabe, mas não aplica. Um pouco por dia, todos os dias. Por isso a mentoria é uma academia.",Quebra a objeção de quem acumula conteúdo e não muda.,Posicionar o Clube como prática diária.,Meio de funil · quebra de objeção,"Comenta APLICO se hoje você vai praticar, e não só saber.",A produzir legenda
Clube Secreto,CS25-C05,Card,Nada está caro,Aula 07 · Encontro 23.07.2024 · Quebrar os elos com a pobreza e cocriar com coerência · PDF Aula 07,—,"Nada tá caro, é você que tá ganhando pouco.","Card com a frase. Legenda: Na aula, a Dra. Próton listou os 'elos com a pobreza': acordar a qualquer hora, escolher sempre o mais barato por centavos, dar só metade de si no trabalho. Qual elo você quer quebrar primeiro?","Provocação que leva à autoanálise de hábitos, sem promessa de ganho.",Despertar consciência de pequenos hábitos de escassez.,Topo de funil · polêmica leve · comentários,Responde nos comentários: qual elo você vai quebrar?,A produzir legenda
Clube Secreto,CS25-C06,Card,Boa pessoa não basta,Aula 08 · Encontro 17.08.2024 · Enriquecer é processo: cocriação além do pensamento positivo · PDF Aula 08,—,Ser boa pessoa é o básico. Não espere um prêmio por isso.,"Card com a frase. Legenda: Bondade é o básico e não gera premiação do universo. Doar sentindo raiva devolve escassez, porque o universo responde à vibração, não só à ação. O que você tem vibrado ao fazer o bem?",Contraria a crença comum de que ser boa basta.,Mostrar a diferença entre agir e vibrar.,Meio de funil · educação · comentários,Comenta VIBRO se você vai cuidar do que sente ao fazer o bem.,A produzir legenda
Clube Secreto,CS25-C07,Card,Pensamento não basta,"Aula 09 · Encontro 28.08.2024 · Parasitas, vícios, frequência e saúde mental · PDF Aula 09",—,O pensamento é só um ponto. O que dá resultado é a mudança de mentalidade.,"Card com a frase. Legenda: Pensar positivo é o primeiro passo. Mudar a mentalidade é o que transforma hábitos. Não adianta pensar em saúde comendo o que adoece, nem se imaginar milionária sem gestão do dinheiro. Conteúdo de reflexão e educação: não substitui acompanhamento médico.",Explica por que a lei da atração não funciona para todo mundo.,Levar da frase motivacional para a mudança de hábito.,Meio de funil · educação,Salva e escolhe hoje um hábito para mudar.,A produzir legenda
Clube Secreto,CS25-K02,Carrossel,Gratidão direcionada em 21 dias,"Aula 10 · Encontro 18.03.2025 · Reprogramação mental, escolhas diárias e gratidão · PDF Aula 10",—,21 dias de gratidão: uma pessoa por dia.,"Slide 1: 21 dias de gratidão: uma pessoa por dia. / Slide 2: Ao acordar, escolha uma pessoa para direcionar a gratidão do dia. / Slide 3: Escreva o nome dela num papel e deixe onde você passa o dia. / Slide 4: Sempre que lembrar, anote um motivo de gratidão por ela. / Slide 5: No fim do dia, envie uma cartinha ou um áudio com esses motivos. / Slide 6: Repita com uma pessoa diferente por dia e avalie seus relacionamentos no 21º dia. / Slide 7: CTA.","Exercício acionável da aula, simples e emocional.",Entregar uma prática de amostra do método.,Topo de funil · salvamentos e envio,"Salva, começa hoje e comenta GRATIDÃO com o nome da primeira pessoa.",A produzir
Clube Secreto,CS25-C08,Card,Você está humano,"Aula 11 · Encontro 26.04.2025 · Você é energia: Deus, vibração e gratidão · PDF Aula 11",—,"Você não é humano, você está humano.","Card com a frase. Legenda: Você é um ser espiritual vivendo uma experiência humana. Seu nome e seu cargo são estados, não identidade. E tudo o que está pode mudar.","Mudança de identidade, abre a porta para reprogramar.",Introduzir a ideia de energia.,Topo de funil · compartilhamento,Manda para alguém que precisa lembrar disso.,A produzir legenda
Clube Secreto,CS25-Q01,Caixinha de perguntas,Linha do tempo das dores,Aula 12 · Encontro 27.04.2025 · Saúde e somatização: limpar o lixo emocional e perdoar · PDF Aula 12,—,"Se você dividisse a sua vida de 5 em 5 anos, o que anotaria em cada faixa?","Story da caixinha com a pergunta. Resposta modelo: ""Pegue um papel, divida a vida em faixas de 5 anos e anote as dores e mágoas de cada fase. O mapa mostra o que precisa ser perdoado e limpo."" Falar que o exercício caminha junto com o acompanhamento médico e não substitui tratamento. Repostar 5 respostas anônimas sobre como foi fazer o exercício.",Exercício de autoconhecimento que gera conversa e mapeia dores.,Coletar dores reais para copy.,Stories · pesquisa de público,Responde na caixinha: qual faixa de idade foi a mais difícil?,A produzir
Clube Secreto,CS25-K03,Carrossel,As cinco linguagens do amor,Aula 13 · Encontro 13.05.2025 · As cinco linguagens do amor nos relacionamentos · PDF Aula 13,—,Em qual linguagem do amor você se sente amada?,"Slide 1: Em qual linguagem do amor você se sente amada? / Slide 2: 1. Palavras de afirmação: elogios e reconhecimento verbal. / Slide 3: 2. Tempo de qualidade: estar junto com atenção, sem celular ou TV. / Slide 4: 3. Presentes: o gesto vale, não o preço. / Slide 5: 4. Atos de serviço: ajudar e fazer pelo outro. / Slide 6: 5. Toque físico: abraço, conchinha, contato. / Slide 7: Nenhum relacionamento é perfeito, mas todo relacionamento é treinável. / Slide 8: CTA.","Conteúdo didático, ótimo para marcar quem se ama.",Mostrar que o método inclui relacionamentos.,Meio de funil · salvamentos e compartilhamentos,Salva e comenta a sua linguagem em uma palavra.,A produzir
Clube Secreto,CS25-C09,Card,Dar e receber,Aula 14 · Encontro 20.05.2025 · Lei de dar e receber: servir e prosperar · PDF Aula 14,—,Dar sem receber te esgota. Receber sem dar te estagna.,"Card com a frase. Legenda: Dinheiro e amor são energia que precisa circular. O fluxo pede equilíbrio: onde você só dá, e onde só recebe?","Equilíbrio dá e recebe, sem culpar.",Levar à autoanálise do fluxo.,Topo de funil · comentários,Responde: você dá demais ou recebe demais?,A produzir legenda
Clube Secreto,CS25-R02,Reels,Pessoas compram você,Aula 15 · Encontro 27.05.2025 · Mentalidade de riqueza e a arte de vender · PDF Aula 15,—,As pessoas não compram os nossos diplomas. Elas compram a gente.,"Corte da Dra. Próton contando sua passagem como camelô na 25 de Março e explicando que quem não sabe vender será pobre mesmo com pós-graduação. Texto na tela: ""As pessoas compram você antes da técnica."" Fechamento: ""Quanto mais difíceis os problemas que você resolve, mais valor você gera.""",Storytelling de origem somado a lição prática.,Mostrar mentalidade antes de diploma.,Meio de funil · autoridade,Comenta VENDER se você quer aprender a se posicionar.,A produzir
Clube Secreto,CS25-C10,Card,"Semente, água e solo",Aula 16 · Encontro 10.06.2025 · Quem sou eu e as leis do campo quântico · PDF Aula 16,—,"O pensamento é a semente, a emoção é a água, o universo é o solo.","Card com a frase. Legenda: Tudo o que existe foi primeiro um pensamento. Sem emoção, ele não germina. Sem ação, não dá fruto. Qual semente você está regando?",Metáfora visual e fácil de lembrar.,Explicar o papel de cada elemento.,Meio de funil · educação,Salva e comenta SEMENTE com o que você quer regar.,A produzir legenda
Clube Secreto,CS25-R03,Reels,O que a TV te ensinou sobre dinheiro,"Aula 17 · Encontro 17.06.2025 · O sistema invisível, Deus e a abundância · PDF Aula 17",—,Quem programou a sua ideia de dinheiro?,"Corte da Dra. Próton sobre o que o sistema programa na mente desde a infância: novelas e desenhos em que o rico é vilão e o pobre é bom. Texto na tela: ""Quem programou a sua mente?"" Fechamento: ""Quem pensa enriquece, quem não pensa empobrece."" Legenda: Reflexão para questionar crenças, sem prometer resultado.",Questiona crenças herdadas.,Abrir espaço para reprogramar.,Topo de funil · alcance,Comenta CRENÇA com a frase que você ouvia sobre dinheiro.,A produzir
Clube Secreto,CS25-C11,Card,Hábitos mentais,Aula 18 · Encontro 24.06.2025 · Zona de conforto e hábitos mentais (Joe Dispenza) · PDF Aula 18,—,Você não está preso à sua genética. Está preso aos seus hábitos mentais.,"Card com a frase. Legenda: O gene está lá, mas o que o ativa é repetir o mesmo estilo de vida. Dá para herdar as qualidades e não os padrões. Conteúdo de reflexão e educação: não substitui acompanhamento médico.",Retira a culpa e devolve o poder.,Preparar para mudar hábitos.,Meio de funil · educação,Comenta HÁBITO com o padrão da sua família que você quer mudar.,A produzir legenda
Clube Secreto,CS25-R04,Reels,Profetize o seu dia,Aula 19 · Encontro 15.07.2025 · Tudo é energia e o básico da sobrevivência · PDF Aula 19,—,Faça isso antes de sair da cama.,"Corte da Dra. Próton explicando o exercício: depois da reprogramação, declarar para si como será o dia (""Hoje o meu dia vai ser maravilhoso"", ""Hoje vou fazer as melhores escolhas""). Texto na tela: ""Profetize o seu dia."" Fechamento: ""Não precisa falar para os outros, é para você.""","Prática de 30 segundos, de fácil teste.",Mostrar o método em ação.,Meio de funil · salvamentos,Salva e comenta PROFETIZO amanhã.,A produzir
Clube Secreto,CS25-C12,Card,Nova versão,"Aula 20 · Encontro 22.07.2025 · Dar e receber, pais e mentalidade de prosperidade · PDF Aula 20",—,A versão sua que te trouxe até aqui não é a que vai te levar ao próximo degrau.,Card com a frase. Legenda: A menina da periferia e a empresária de hoje têm uma diferença: mentalidade e todas as versões que ela precisou deixar morrer. E você?,Convida à mudança sem culpa.,Preparar para o convite ao Clube.,Fundo de funil · convite para o Clube,Comenta CLUBE se você quer entrar para o próximo degrau.,A produzir legenda
Clube Secreto,CS25-Q02,Caixinha de perguntas,Sentir é treinável,"Aula 21 · Encontro 29.07.2025 · Perguntas e respostas: sentir, visualizar e reprogramar · PDF Aula 21",—,Você tem dificuldade de sentir ao visualizar?,"Story da caixinha com a pergunta. Resposta modelo: ""Visualizar é só imaginar. Feche os olhos, escolha alguém que você ama e imagine essa pessoa chegando e te abraçando. A emoção aparece. Cada mês tira uma camada, geralmente por volta do terceiro mês."" Repostar relatos e explicar como transferir a emoção para a afirmação.",Quebra de objeção comum de quem acha que não sabe visualizar.,Coletar dúvidas e demonstrar o método.,Stories · quebra de objeção,Responde na caixinha: o que te impede de sentir?,A produzir
Clube Secreto,CS25-C13,Card,Tratamento do mundo,"Aula 22 · Encontro 12.08.2025 · Autoimagem, amor-próprio e a síndrome da boazinha · PDF Aula 22",—,As pessoas te tratam como você se trata.,Card com a frase. Legenda: Quem se xinga o dia todo recebe esse tratamento do mundo. Ninguém põe combustível errado num carro de um milhão. A sua vida não tem preço.,Frase forte que gera autoanálise.,Trabalhar amor-próprio.,Topo de funil · compartilhamento,Manda para uma amiga que precisa se tratar melhor.,A produzir legenda
Clube Secreto,CS25-Q03,Caixinha de perguntas,Síndrome da boazinha,"Aula 22 · Encontro 12.08.2025 · Autoimagem, amor-próprio e a síndrome da boazinha · PDF Aula 22",—,Em que você se anula para ser amada?,"Story da caixinha com a pergunta. Resposta modelo: ""A síndrome da boazinha parece qualidade, mas é falta de amor-próprio. Deixar de ser boazinha não é brigar com todos: é se respeitar e colocar limites."" Repostar 5 respostas anônimas com comentário da Dra.",Mapeia dores ligadas ao amor-próprio.,Coletar dores reais para copy.,Stories · pesquisa de público,Responde na caixinha: eu me anulo quando...,A produzir
Clube Secreto,CS25-C14,Card,Dia ruim x vida ruim,"Aula 23 · Encontro 19.08.2025 · Desejo ardente, cocriação e quem você é 24h · PDF Aula 23",—,Você tem que saber separar um dia ruim de uma vida ruim.,Card com a frase. Legenda: Não é positividade tóxica. A Dra. Próton também sente tristeza e raiva. A diferença é não deixar um dia ruim virar uma vida ruim e lembrar da gratidão pelo que se tem.,Valida o sentimento e dá direção.,Mostrar o método sem exigir perfeição.,Topo de funil · identificação,Salva para o próximo dia difícil.,A produzir legenda
Clube Secreto,CS25-R05,Reels,O experimento das flores,Aula 24 · Encontro 26.08.2025 · Encontro com o Criador e o amor como fonte criadora · PDF Aula 24,—,O que você fala para você ao longo dos anos?,"Corte do vídeo mostrado na aula: duas flores recebem, por 30 dias, palavras boas e ofensivas; a primeira floresce e a segunda murcha. Texto na tela: ""Tudo que tem amor cresce. Tudo que não tem amor morre."" Fechamento: ""O que você fala para si mesma há décadas?""","Experimento visual e emocional, com alta retenção.",Levar à reprogramação do 'eu te amo'.,Topo de funil · retenção,Comenta EU TE AMO e diga uma frase boa para você.,A produzir
Clube Secreto,CS25-K04,Carrossel,Libertação da escassez ancestral,Aula 25 · Encontro 16.09.2025 · Conexão com o Criador e libertação da escassez ancestral · PDF Aula 25,—,Você não precisa carregar a escassez dos seus pais e avós.,"Slide 1: Você não precisa carregar a escassez dos seus pais e avós. / Slide 2: Volte à infância e acolha a sua criança. / Slide 3: Diga a ela: tudo aquilo acabou, você tem permissão para prosperar. / Slide 4: Veja pais, avós e antepassados e diga: eu honro a vida que recebi. / Slide 5: Eu tomo o amor de vocês. Eu não tomo a escassez. / Slide 6: Com amor, eu solto. Com amor, eu liberto. / Slide 7: Reflexão guiada da aula, não substitui acompanhamento terapêutico. / Slide 8: CTA.","Conteúdo emocional com roteiro simples, gera salvamento.",Mostrar a profundidade da reprogramação.,Fundo de funil · convite para o Clube,Comenta LIBERTO e conheça o Clube Secreto.,A produzir
Clube Secreto,CS25-C15,Card,Comparar com a sua vida,Aula 26 · Aula patrimônio milionário - Convidado Tacyo · PDF Aula 26,—,Não compare resultado com o outro. Compare com a sua vida.,"Card com a frase. Legenda: Comparar com os outros só tira o foco. A medida é a sua própria evolução: onde você estava e onde está hoje. Reflexão geral, sem recomendação de investimento.",Frase atemporal de reflexão.,Criar conteúdo leve sobre prosperidade sem tratar do produto financeiro do convidado.,Topo de funil · compartilhamento,Comenta EVOLUÍ com um avanço seu.,A produzir legenda
Clube Secreto,CS25-C16,Card,Um grau de diferença,Aula 27 · Encontro 23.09.2025 · Part. Michael Arruda · Desbloquear o poder da mente com hipnoterapia · PDF Aula 27,—,"Um pensamento automático, repetido, muda a rota da sua vida.","Card com a frase. Legenda: Na aula com Michael Arruda, a analogia do navio mostra que um grau de diferença leva a um destino muito longe do esperado. Cerca de 95% do que fazemos segue programações da infância. Qual é o seu piloto automático?",Analogia visual simples.,Mostrar a mente como piloto automático.,Meio de funil · educação,Comenta GRAU e conte qual pensamento você quer trocar.,A produzir legenda
Clube Secreto,CS25-Q04,Caixinha de perguntas,Pergunte ao corpo,Aula 28 · Encontro 30.09.2025 · Perguntas e respostas sobre cocriação e prática · PDF Aula 28,—,Qual emoção você quer entender melhor?,"Story da caixinha. Resposta modelo: ""Feche os olhos, volte à cena e pergunte à emoção: o que você quer me mostrar que eu ainda não vi? Nenhum sentimento negativo quer nos prejudicar."" Repostar reflexões e reforçar que questões mais profundas pedem terapia e atendimento individual.",Dá uma ferramenta nova e convida à troca.,Coletar emoções que mais travam.,Stories · engajamento,Responde na caixinha: a emoção que mais me visita é...,A produzir
Clube Secreto,CS25-C17,Card,A avenida do celular,Aula 29 · Encontro 14.10.2025 · Livre-arbítrio e as leis universais · PDF Aula 29,—,A avenida mais movimentada do mundo é a tela do seu celular.,"Card com a frase. Legenda: Sem presença digital, você não é vista. Pensamento positivo sem ação não gera resultado.",Frase atual sobre ação e visibilidade.,Mostrar a lei da ação.,Topo de funil · alcance,Comenta AÇÃO e conte qual passo você vai dar hoje.,A produzir legenda
Clube Secreto,CS25-C18,Card,Trabalho não basta,Aula 30 · Encontro 20.10.2025 · Part. Tacyo · Alavancagem patrimonial com Tacyo · PDF Aula 30,—,Não existe ficar milionário somente com o nosso trabalho.,"Card com a frase. Legenda: A Dra. Próton conta que sua clínica tinha um teto de faturamento e foi preciso escalar o que fazia. Conteúdo de reflexão, sem promessa de ganho e sem recomendação de investimento.",Frase que muda a perspectiva sobre escalar.,Introduzir mentalidade de escala.,Meio de funil · educação,Comenta ESCALA se você quer pensar maior.,A produzir legenda
Clube Secreto,CS25-R06,Reels,Somos todos um,"Aula 31 · Encontro 21.10.2025 · Leis da unidade, da vibração e da ação · PDF Aula 31",—,"O que você faz ao outro, faz a você.","Corte da Dra. Próton sobre a lei da unidade: tudo está ligado, somos uma gota do oceano. Texto na tela: ""Quanto mais eu sirvo, mais eu tenho."" Fechamento: ""Somos todos um e o que fazemos ao outro, fazemos a nós mesmos.""",Conteúdo espiritual com alta identificação.,Apresentar a lei da unidade.,Topo de funil · alcance,Comenta UNIDADE se você quer servir mais.,A produzir
Clube Secreto,CS25-C19,Card,Colheita obrigatória,"Aula 32 · Encontro 29.10.2025 · Leis da ação, correspondência e causa e efeito · PDF Aula 32",—,"A semeadura é livre, a colheita é obrigatória.",Card com a frase. Legenda: Quem planta abacaxi não colhe maçã. Nada acontece por acaso: o que você está plantando hoje na sua rotina?,Metáfora forte sobre causa e efeito.,Responsabilizar sem culpar.,Meio de funil · educação,Comenta PLANTO e diga o que você está semeando.,A produzir legenda
Clube Secreto,CS25-K05,Carrossel,As leis universais finais,Aula 33 · Encontro 11.11.2025 · Lei da atração e as últimas leis universais · PDF Aula 33,—,As últimas leis universais que a Dra. Próton explicou.,"Slide 1: As últimas leis universais que a Dra. Próton explicou. / Slide 2: Transmutação: vibrações mais elevadas transformam as mais baixas. / Slide 3: Relatividade: sempre há alguém em situação pior, e todo desafio fortalece a luz interior. / Slide 4: Polaridade: tudo tem um oposto, foque no polo contrário. / Slide 5: Gênero: equilibre as energias feminina e masculina dentro de você. / Slide 6: Gestação: tudo tem um tempo, como a alface e o café. / Slide 7: CTA.","Resumo organizado, bom para salvar.",Mostrar profundidade do conteúdo.,Meio de funil · salvamentos,Salva e comenta LEIS para a próxima parte.,A produzir
Clube Secreto,CS25-C20,Card,Reagir x pensar,"Aula 34 · Encontro 18.11.2025 · Comportamento, autoimagem e o fim da mediocridade · PDF Aula 34",—,"A gente pensa que pensa, mas na verdade a gente reage.","Card com a frase. Legenda: Um 'bom dia' não respondido ou uma expectativa frustrada viram drama. Quem tem controle emocional para, pensa e pergunta o que aconteceu.",Frase de autoconsciência.,Trabalhar controle emocional.,Topo de funil · identificação,Comenta PARO e conte onde você mais reage.,A produzir legenda
Clube Secreto,CS25-R07,Reels,Guarda o teu coração,Aula 35 · Encontro 25.11.2025 · Guarda o teu coração: a frequência do amor · PDF Aula 35,—,Não é a mente que cria. É o coração.,"Corte da Dra. Próton citando Provérbios 4:23 e explicando que, segundo ela, o coração emite um campo cerca de 5 mil vezes mais forte que o do pensamento. Texto na tela: ""Mudou a vibração, mudou a vida."" Fechamento: ""Quanto mais eu dou, mais eu recebo.""",Conecta fé e prática.,Levar para a vivência no Clube.,Fundo de funil · convite para o Clube,Comenta CORAÇÃO e conheça o Clube.,A produzir
Clube Secreto,CS25-K06,Carrossel,Lista de gratidão,Aula 36 · Encontro 16.12.2025 · Materialização dos sonhos e a lista de gratidão · PDF Aula 36,—,Como montar a sua lista de gratidão.,"Slide 1: Como montar a sua lista de gratidão. / Slide 2: Escreva uma única vez, no presente: Eu sou tão feliz e grata por... / Slide 3: Se for meta futura, inclua o prazo. / Slide 4: Para valores, use um degrau possível. / Slide 5: Leia ao acordar e antes de dormir, em 2 a 3 minutos. / Slide 6: Solte e faça hoje algo que apoie o objetivo. / Slide 7: CTA.",Passo a passo prático e salvável.,Entregar amostra do método.,Meio de funil · salvamentos,Salva e comenta LISTA quando montar a sua.,A produzir
Clube Secreto,CS25-Q05,Caixinha de perguntas,Reflexão de fim de ano,"Aula 37 · Encontro 23.12.2025 · Gratidão, perdão e família no fim de ciclo · PDF Aula 37",—,O que você pediu lá atrás e já vive hoje?,"Story da caixinha. Resposta modelo: ""Casa, relacionamento, filhos saudáveis, uma empresa própria: muita coisa que você vive hoje foi pedida lá atrás. Imagine sua versão de 10 anos atrás olhando para a sua vida."" Repostar respostas.",Gera gratidão e prova social espontânea.,Coletar relatos.,Stories · engajamento,Responde na caixinha: eu já vivo...,A produzir
Clube Secreto,CS25-R08,Reels,10 minutos x 23h50,"Aula 38 · Encontro 30.12.2025 · Autoimagem: mudar quem você é, de dentro para fora · PDF Aula 38",—,Se você faz a reprogramação todo dia e não vê resultado...,"Corte da Dra. Próton: ""o que você faz nas outras 23 horas e 50 minutos?"" Texto na tela: ""Reprogramação mental é 10 minutos."" Fechamento: ""Não existe mudança se primeiro você não mudar quem você é.""",Provoca reflexão forte sobre constância.,Convidar à constância.,Fundo de funil · convite para o Clube,Comenta MUDAR e conheça o Clube.,A produzir
Clube Secreto,CS25-Q06,Caixinha de perguntas,Repetindo o último ano,Aula 01 · Como limpar todos os bloqueios emocionais e se tornar uma pessoa irreconhecível · PDF Aula 01,—,Você está vivendo um ano novo ou repetindo o último?,"Story da caixinha com a pergunta. Resposta modelo: ""Tem gente que não está vivendo um ano diferente, está repetindo o último ano cinco, dez, quinze vezes. Para mudar, é preciso matar o antigo eu e limpar o lixo emocional."" Repostar 5 respostas anônimas com comentário da Dra.",Pergunta de diagnóstico que provoca reflexão imediata.,Coletar dores reais para copy.,Stories · pesquisa de público,Responde na caixinha: o que você repete todo ano?,A produzir
Clube Secreto,CS26-C01,Card,Plano imortal,Aula 01 · Encontro 13.01.2026 · Reforma íntima e o plano imortal · PDF Aula 01,—,"Nós fazemos planos humanos, mas não fazemos planos imortais.","Card com a frase. Legenda: Segundo a Dra. Próton, somos energia que não morre, e o grande erro é planejar a vida como se tudo acabasse com a morte. Por isso nenhum mantra muda a vida sem reforma íntima: a mudança de dentro para fora.",Eleva a perspectiva: tira a seguidora da briga pequena e a leva a pensar a vida em escala maior.,Apresentar a reforma íntima como base de qualquer prática do Clube.,Topo de funil · reflexão e compartilhamento,Comenta REFORMA se você quer mudar de dentro para fora.,A produzir legenda
Clube Secreto,CS26-C02,Card,Moeda de troca espiritual,"Aula 02 · Encontro 20.01.2026 · Part. Adriana Silveira · Proteção espiritual, obsessores e limpeza energética · PDF Aula 02",—,"No mundo espiritual, a moeda de troca não é o dinheiro, é energia.","Card com a frase. Legenda: A Dra. Próton explica que não existe neutro: a energia emocional que você emite todos os dias, de gratidão ou de raiva, é o que realmente circula. Que tal observar a sua hoje? Conteúdo de reflexão e educação; não substitui acompanhamento médico ou psicológico.","Reflexão espiritual sobre energia emocional, sem promessa e sem medo.","Mostrar o lado espiritual da prosperidade trabalhado no Clube, em aula com a terapeuta convidada Adriana Silveira.",Topo de funil · educação,Salva este card e comenta OBSERVO se você vai observar a sua energia hoje.,A produzir legenda
Clube Secreto,CS26-C03,Card,Emoção devolvida,"Aula 03 · Encontro 27.01.2026 · Emoção, gratidão e a arte de se relacionar · PDF Aula 03",—,O universo não está devolvendo o seu diploma; o universo está devolvendo a sua emoção.,Card com a frase. Legenda: Uma pessoa pode ser boa e ainda assim passar o dia emitindo raiva. A Dra. Próton lembra que duas ou três gratidões ditas não combatem um dia inteiro de reclamação. Qual emoção dominou o seu dia?,"Frase que reposiciona o que o universo responde: emoção, não currículo.",Ensinar a checagem da emoção predominante.,Meio de funil · educação · salvamentos,Comenta EMOÇÃO e conta qual emoção dominou o seu dia.,A produzir legenda
Clube Secreto,CS26-C04,Card,Mantra x o resto do dia,"Aula 04 · Encontro 17.02.2026 · Polaridades, consciência e sustentar a frequência · PDF Aula 04",—,Um mantra de 20 minutos não compete com 23 horas e 40 minutos de escolhas negativas.,"Card com a frase. Legenda: Elevar a energia é fácil, você eleva em segundos. O desafio é sustentar. A Dra. Próton mostra que a sustentação vem das escolhas do dia a dia: pessoas, trabalho, amizades e o que você consome.",Quebra a ideia de solução mágica e mostra que a constância está nas escolhas.,"Posicionar o método do Clube como prática diária, não truque.","Meio de funil · quebra de objeção ""já tentei de tudo""",Comenta SUSTENTAR se você quer aprender a manter a frequência.,A produzir legenda
Clube Secreto,CS26-C05,Card,Emoção que ativa,"Aula 05 · Encontro 22.02.2026 · Escolhas, dons, oportunidades e relacionamento · PDF Aula 05",—,"Quando você ativa uma emoção, você se torna uma pessoa impossível de ser ignorada.","Card com a frase. Legenda: Emoções positivas no cônjuge, nos filhos, nos clientes e no trabalho fazem as pessoas quererem servir, indicar e abrir portas. Segundo a Dra. Próton, é isso que faz a diferença nos relacionamentos.",Frase de impacto sobre relacionamento como caminho de oportunidade.,Mostrar que o método vai além da mentalização e inclui relacionamento.,Topo de funil · compartilhamento,Manda para alguém que sempre ativa emoção boa por onde passa.,A produzir legenda
Clube Secreto,CS26-C06,Card,"Polida, não punida",Aula 06 · Encontro 25.02.2026 · Reforma íntima matar a versão antiga · PDF Aula 06,—,"Você não está sendo punida, você está sendo polida.",Card com a frase. Legenda: A Dra. Próton compara a reforma íntima a uma obra em casa: tem barulho e poeira porque você está quebrando paredes internas para construir o novo. Conflitos aparecem justamente quando você está mudando.,Ressignifica a fase difícil com uma imagem acolhedora.,Acolher quem está em transição e mostrar que o desconforto faz parte.,Topo de funil · identificação e salvamentos,Comenta OBRA se você está em reforma por dentro.,A produzir legenda
Clube Secreto,CS26-C07,Card,Escolhas difíceis,Aula 07 · Encontro 10.03.2026 · Manifestação de dinheiro começa por quem você se torna · PDF Aula 07,—,"Escolhas fáceis criam uma vida difícil, mas escolhas difíceis criam uma vida fácil.","Card com a frase. Legenda: Dinheiro, segundo a Dra. Próton, é dignidade e se constrói a partir de quem você se torna. Quais versões suas você escolhe deixar para trás hoje?","Frase para anotar, com pergunta de reflexão no fim.",Introduzir a ideia de que a mudança começa pelas escolhas.,Topo de funil · salvamentos,Salva e responde nos comentários: que escolha difícil você vai fazer hoje?,A produzir legenda
Clube Secreto,CS26-C08,Card,Você é o que você é,Aula 08 · Encontro 17.03.2026 · Lei da atração comentada com O Segredo · PDF Aula 08,—,"O universo não te dá o que você quer, o universo te dá o que você é.","Card com a frase. Legenda: Na aula, a Dra. Próton comenta trechos de O Segredo e explica que a lei da atração é uma lei, e não julga bondade ou maldade. Ela responde ao seu foco e ao que você sente, não só ao que você pede.","Frase-chave da aula sobre lei da atração, fácil de reter.",Educar sobre a lei da atração sem misticismo.,Meio de funil · educação,Comenta LEI se você quer entender a lei da atração do zero.,A produzir legenda
Clube Secreto,CS26-C09,Card,Olhar para o que já tem,Aula 09 · Encontro 24.03.2026 · Momentos ruins não são uma vida ruim · PDF Aula 09,—,"Se você não olhar pro que você tem, você nunca estará pronta pra criar o que ainda não tem.","Card com a frase. Legenda: Acordar viva, com teto, comida e saúde já são motivos de gratidão. A Dra. Próton lembra que um momento ruim não precisa virar uma vida ruim. Pare hoje e agradeça por três coisas que você já tem.","Gratidão prática, com exercício simples de ação imediata.",Gerar acolhimento e mostrar o lado de gratidão do método.,Topo de funil · comentários,Comenta GRATA e escreve uma coisa que você já tem.,A produzir legenda
Clube Secreto,CS26-C10,Card,Papai Noel não existe,"Aula 10 · Encontro 16.04.2026 · Lei da atração é ação, disciplina e relacionamento · PDF Aula 10",—,A lei da atração não é um Papai Noel.,"Card com a frase. Legenda: Segundo a Dra. Próton, a lei da atração potencializa o campo, mas quem age é você. O universo abre as portas, mas é você que tem que atravessar.","Quebra de expectativa mágica, com linguagem leve e direta.",Mostrar que o Clube trabalha atitude junto com mentalização.,Meio de funil · quebra de objeção,Comenta ATRAVESSAR se você vai dar o próximo passo hoje.,A produzir legenda
Clube Secreto,CS26-C11,Card,Mudar dentro,"Aula 11 · Encontro 25.04.2026 · Disciplina, relação com pais e autoperdão · PDF Aula 11",—,"Se você não mudar dentro, nada muda fora.","Card com a frase. Legenda: Conhecer a teoria, ler um livro ou ver um documentário não gera resultado sozinho. A Dra. Próton lembra que a repetição diária da reprogramação mental, com horário fixo, é o que sustenta a mudança.",Frase direta que explica por que a prática diária importa.,Preparar a seguidora para a rotina do Clube.,Meio de funil · educação,Salva e começa hoje a sua repetição diária.,A produzir legenda
Clube Secreto,CS26-C12,Card,Obsessão e disciplina,"Aula 12 · Encontro 28.04.2026 · Perguntas e respostas frequência, emoção e cocriação · PDF Aula 12",—,Obsessão vence talento. Disciplina vence dom.,"Card com a frase. Legenda: Para quem tem vários dons e não performa, a orientação da Dra. Próton é escolher uma área e ter disciplina. Qual área você escolhe para se dedicar?",Frase forte para quem sente que tem potencial parado.,Mostrar a cultura de prática do Clube.,Topo de funil · comentários,Comenta ESCOLHO e diz qual área você vai priorizar.,A produzir legenda
Clube Secreto,CS26-C13,Card,Azeite ou veneno,"Aula 15 · Encontro 26.05.2026 · Frequência do amor, fé e vibração na Bíblia · PDF Aula 15",—,"Quando o universo te espreme, sai azeite ou veneno?","Card com a frase. Legenda: Todo mundo tem problemas. A Dra. Próton lembra que o que muda a vida é como você reage: gratidão e persistência, ou reclamação e praga. Chorar é humano; ficar na lamúria é outra coisa.",Metáfora visual sobre reação diante do problema.,Gerar identificação e abrir caminho para falar de frequência.,Topo de funil · reflexão e comentários,Responde nos comentários: o que saiu de você na última vez que apertaram?,A produzir legenda
Clube Secreto,CS26-C14,Card,Planeta da dualidade,Aula 18 · Encontro 30.06.2026 · O mal é sedutor despertar e enxergar o sistema · PDF Aula 18,—,Não existe 100% positivo no planeta Terra.,"Card com a frase. Legenda: A Dra. Próton lembra que sempre haverá uma área mais desafiadora, e que um momento ruim não é uma vida ruim. O papel é ir harmonizando, colocando atenção onde mais precisa a cada momento.",Tira a pressão da felicidade perfeita e acolhe.,Mostrar a abordagem realista do Clube.,Topo de funil · identificação,Comenta MOMENTO se você precisa lembrar que é só um momento.,A produzir legenda
Clube Secreto,CS26-C15,Card,Excesso e falta,Aula 19 · Encontro 17.07.2026 · Sintonize o dial dinheiro é atitude e programação mental · PDF Aula 19,—,Todo excesso esconde uma falta.,Card com a frase. Legenda: A Dra. Próton traz uma reflexão: até o excesso de querer salvar todo mundo pode esconder uma falta. O que o seu excesso está tentando preencher?,Frase curta que provoca autoconhecimento.,Gerar reflexão e salvamentos.,Topo de funil · compartilhamento,Salva e responde para você mesma: o que o meu excesso esconde?,A produzir legenda
Clube Secreto,CS26-C16,Card,Eu sou,Aula 22 · Encontro 11.08.2026 · O poder da palavra e da autoimagem · PDF Aula 22,—,"Tudo que você fala depois do ""eu sou"" é uma criação imediata.","Card com a frase. Legenda: A Dra. Próton mostra que cada palavra gera uma frequência. Hoje, repare no que você diz depois do ""eu sou"" e escolha palavras que você quer ver crescer.","Tarefa simples de atenção à fala, com base na aula.",Ensinar o poder da palavra de forma prática.,Meio de funil · educação,Comenta EU SOU e completa a frase com algo que você quer criar.,A produzir legenda
Clube Secreto,CS26-C17,Card,Governar as emoções,"Aula 23 · Encontro 18.08.2026 · Ancestralidade, perdão e as linguagens do amor · PDF Aula 23",—,"Se você não governa as suas emoções, você não governa a sua vida.","Card com a frase. Legenda: A Dra. Próton conta que, diante de um prejuízo, escolheu agradecer pelo que tinha para resolver e decidir de forma prática, em vez de se vingar. Governar as emoções é uma prática que se treina.",Frase-bandeira reaproveitável do Clube.,Posicionar inteligência emocional como habilidade central.,Topo de funil · autoridade,Salva e relê quando a raiva chegar.,A produzir legenda
Clube Secreto,CS26-C18,Card,"Coisa ruim, vida ruim",Aula 25 · Encontro 15.09.2026 · Quem pensa enriquece prosperidade na era da IA · PDF Aula 25,—,Uma coisa ruim não é uma vida ruim.,"Card com a frase. Legenda: A Dra. Próton reforça: um problema no relacionamento ou nas finanças não torna a vida toda ruim. Separe as áreas, olhe para o que está bem e use a gratidão como prática constante.",Acolhimento com pergunta de gratidão.,Mostrar o lado de equilíbrio emocional do Clube.,Topo de funil · identificação,Comenta SEPARO se você vai separar a coisa ruim da sua vida inteira.,A produzir legenda
Clube Secreto,CS26-C19,Card,Jogo de continuar,"Aula 26 · Encontro 22.09.2026 · Viver de verdade, sair do vitimismo e vibrar o que deseja · PDF Aula 26",—,"A vida não é o jogo de vencer, a vida é o jogo de continuar.","Card com a frase. Legenda: Segundo a Dra. Próton, perdemos mais do que ganhamos, e o que importa é continuar até nos momentos ruins. Qual parte da sua história você escolheu não abandonar?",Frase de perseverança com tom humano.,Gerar conexão e salvamentos.,Topo de funil · salvamentos,Comenta CONTINUO se você não vai desistir.,A produzir legenda
Clube Secreto,CS26-C20,Card,"Vida chata, sonho de alguém","Aula 30 · Encontro 04.10.2026 · Café da manhã com a Dra Próton · Linguagens do amor, gratidão e servir · PDF Aula 30",—,A sua vida chata é o sonho de alguém.,"Card com a frase. Legenda: Enxergar, ouvir e andar são privilégios que milhões não têm. A Dra. Próton conta que, internada anos atrás, seu único desejo era caminhar na rua. Querer mais é legítimo, mas é preciso enxergar o que já se tem.",Gratidão sem positividade tóxica; a própria Dra. explica a diferença na aula.,Entregar uma reflexão que faz parar e pensar.,Meio de funil · emoção e compartilhamento,Manda para alguém que precisa lembrar disso hoje.,A produzir legenda
Clube Secreto,CS26-R01,Reels,Oração quântica,Aula 13 · Encontro 12.05.2026 · Oração quântica e técnica de visualização · PDF Aula 13,—,Você não pede ao Criador como pedinte. Você decreta.,"Corte da explicação da oração quântica: a Dra. Próton diz que se conecta com o divino como filha, e não como pedinte, e que na visualização guiada passa a decretar no presente, agradecendo. Texto na tela: ""Decretar, não pedir."" Fechamento: ""Eu não entro em contato com o divino como uma pedinte."" Legenda: A oração quântica foi a reprogramação do mês no ciclo de maio.",Mostra um conceito marcante do método de forma curta.,Apresentar a oração quântica como prática do Clube.,Meio de funil · método,Comenta DECRETO se você quer aprender a visualizar e agradecer.,A produzir
Clube Secreto,CS26-R02,Reels,Viver ou estar vivo,Aula 14 · Encontro 19.05.2026 · Ressignificar a vida e o modo obcecado · PDF Aula 14,—,Existe uma diferença gigantesca entre viver e estar vivo.,"Corte do momento em que a Dra. Próton provoca quem diz que a vida está ruim e lembra que o amanhã é uma probabilidade. Texto na tela: ""Momento ruim não é vida ruim."" Fechamento: ""A vida não dá certo para quem para, a vida só dá certo para quem continua.""","Provocação forte, alto potencial de compartilhamento.",Gerar identificação e reflexão.,Topo de funil · alcance,Comenta VIVER se você decidiu parar de adiar.,A produzir
Clube Secreto,CS26-R03,Reels,Real ou imaginado,Aula 16 · Encontro 16.06.2026 · O poder do subconsciente o capitão e a tripulação · PDF Aula 16,—,O seu cérebro não distingue o que é real do que é imaginado.,"Corte das duas hipnoses rápidas da aula: imaginar um prato com larvas e sentir nojo, e depois o abraço de quem você mais ama e sorrir. Texto na tela: ""Seu corpo reage ao que você imagina."" Fechamento: ""Se imaginar com emoção muda o que o corpo sente, imagine o que ficar remoendo o passado faz."" Legenda: Reflexão sobre a mente; não substitui acompanhamento médico ou psicológico.","Experiência rápida e visual, boa retenção.",Mostrar o poder da imaginação com emoção.,Topo de funil · retenção e compartilhamento,Comenta SENTI se o seu corpo reagiu.,A produzir
Clube Secreto,CS26-R04,Reels,Só receber o que agradece,"Aula 17 · Encontro 23.06.2026 · Ho'oponopono, gratidão e elevação da vibração · PDF Aula 17",—,E se você só recebesse da vida aquilo que você agradece?,"Corte da oração de gratidão com o Criador: banho quente, teto, cobertor e segurança. Texto na tela: ""O que você teria recebido hoje?"" Fechamento: ""Imagina que você só recebesse da vida aquilo que você agradece.""",Pergunta que faz a seguidora olhar para o que já tem.,Mostrar a gratidão praticada na aula.,Meio de funil · emoção,Responde nos comentários: pelo que você agradece hoje?,A produzir
Clube Secreto,CS26-R05,Reels,Música muda a frequência,Aula 20 · Encontro 21.07.2026 · Realidades paralelas sinta a vibração mudar · PDF Aula 20,—,Você não saiu do lugar. O que mudou? A frequência.,"Corte da vivência em que as alunas ouvem músicas diferentes de olhos fechados e anotam como estão corpo e emoções antes e depois. Texto na tela: ""Mesmo lugar, frequência diferente."" Fechamento: ""Eu sou um rádio, eu sintonizo a estação.""",Vivência marcante e fácil de testar em casa.,Mostrar o método vivencial do Clube.,Meio de funil · método,Comenta SINTONIZO se você vai observar o que seu corpo sente.,A produzir
Clube Secreto,CS26-R06,Reels,Desculpas,Aula 21 · Encontro 28.07.2026 · A lei da ação chega de negociar com desculpas · PDF Aula 21,—,A vida não premia quem quer. Premia quem faz.,"Corte do trecho de ""tapa com amor"" da aula: sempre surge um novo motivo para adiar, e o ""depois"" nunca chega. Texto na tela: ""Não negocia com o cansaço."" Fechamento: ""Criança faz o que quer. Adulto faz o que é necessário.""","Provocação direta, ritmo forte.",Gerar ação e identificação.,Topo de funil · alcance,Comenta AÇÃO se hoje você sai da desculpa.,A produzir
Clube Secreto,CS26-R07,Reels,Não tô fazendo,Aula 24 · Encontro 25.08.2026 · Lista de gratidão e afirmações pare de se enganar · PDF Aula 24,—,"Eu prefiro que você fale ""não tô fazendo"".","Corte da abertura da aula 24: a Dra. Próton explica que é melhor admitir ""não estou fazendo"" do que repetir ""faço tudo e nada dá certo"", que instala um programa de fracasso. Texto na tela: ""Seja honesta com você."" Fechamento: ""O pensamento cria, mas é a ação que solidifica.""",Honestidade que gera identificação.,Posicionar a prática diária do Clube.,Meio de funil · quebra de objeção,Comenta HONESTA e me conta o que você ainda não fez.,A produzir
Clube Secreto,CS26-R08,Reels,Palavra e arroz,Aula 22 · Encontro 11.08.2026 · O poder da palavra e da autoimagem · PDF Aula 22,—,Três potes de arroz mostram o que a indiferença faz.,"Corte do experimento do Dr. Masaru Emoto citado na aula: o arroz que recebia ""obrigado"" fermentou com aroma agradável, o que ouvia ""você é um idiota"" escureceu e o ignorado mofou. Texto na tela: ""Há quanto tempo você se ignora?"" Fechamento da Dra. sobre mofar por dentro. Legenda: reflexão; não substitui acompanhamento médico ou psicológico.",Imagem forte e fácil de compartilhar.,Trabalhar autocuidado e o poder da palavra.,Topo de funil · alcance,Comenta ME CUIDO se você vai parar de se ignorar.,A produzir
Clube Secreto,CS26-K01,Carrossel,"10 medos, 10 afirmações",Aula 24 · Encontro 25.08.2026 · Lista de gratidão e afirmações pare de se enganar · PDF Aula 24,—,Transforme 10 medos em 10 afirmações.,"Slide 1: Transforme 10 medos em 10 afirmações. / Slide 2: Escreva 10 coisas que você não quer na sua vida. / Slide 3: O cérebro não reconhece o ""não"": ""eu não quero dívidas"" vira ""quero dívidas"". / Slide 4: Reescreva cada medo como afirmação positiva, sem a palavra ""não"". / Slide 5: Escreva sempre no presente, como já realizado. / Slide 6: Depois, pergunte: o que eu não fiz ainda que, se fizesse, já estaria vivendo isso? / Slide 7: Quer praticar esse método dentro de uma comunidade? Comenta AFIRMO.","Exercício passo a passo, tirado da aula.",Entregar uma amostra do método.,Meio de funil · salvamentos,Comenta AFIRMO para receber o convite para o Clube.,A produzir
Clube Secreto,CS26-K02,Carrossel,Roteiro diário,Aula 09 · Encontro 24.03.2026 · Momentos ruins não são uma vida ruim · PDF Aula 09,—,Um roteiro diário simples da lei da atração.,"Slide 1: Um roteiro diário simples da lei da atração. / Slide 2: Ao acordar: reprogramação mental. / Slide 3: Dê bom dia com amor para quem mora com você. / Slide 4: Arrume-se e elogie-se diante do espelho antes de sair. / Slide 5: No trabalho: sorria e diga bom dia. Diante de fofoca, mude de assunto. / Slide 6: Antes de dormir: ore, entregue os problemas e visualize o dia seguinte. / Slide 7: Salva e começa amanhã. Comenta ROTEIRO.",Roteiro de rotina que gera salvamento.,Mostrar uma rotina prática do método.,Meio de funil · salvamentos,Salva este post e comenta ROTEIRO.,A produzir
Clube Secreto,CS26-K03,Carrossel,Os quatro básicos,Aula 22 · Encontro 11.08.2026 · O poder da palavra e da autoimagem · PDF Aula 22,—,"Sem o básico, não há como sustentar a frequência.","Slide 1: Sem o básico, não há como sustentar a frequência. / Slide 2: 1. Dormir cerca de 8 horas por noite. / Slide 3: 2. Beber no mínimo 3 litros de água por dia. / Slide 4: 3. Respirar profundamente pelo nariz. / Slide 5: 4. Priorizar alimentos naturais e deixar os industrializados para exceções. / Slide 6: Lembrete: conteúdo educativo, não substitui acompanhamento médico. / Slide 7: Salva e começa hoje. Comenta BÁSICO.","Lista objetiva, boa para salvamento.",Mostrar que o método inclui o cuidado com o corpo.,Meio de funil · educação e salvamentos,Comenta BÁSICO se você vai começar hoje.,A produzir
Clube Secreto,CS26-K04,Carrossel,Cinco linguagens do amor,"Aula 23 · Encontro 18.08.2026 · Ancestralidade, perdão e as linguagens do amor · PDF Aula 23",—,Você ama do jeito que o outro entende?,"Slide 1: Você ama do jeito que o outro entende? / Slide 2: As cinco linguagens: palavras de afirmação, tempo de qualidade, presentes, atos de serviço e toque físico. / Slide 3: Todos temos as cinco, mas uma primária e uma secundária predominam. / Slide 4: O erro: amar o outro na sua linguagem e não na dele. / Slide 5: Conhecer a linguagem de quem convive com você melhora a casa e o trabalho. / Slide 6: Descubra a sua e peça diretamente o que você valoriza. / Slide 7: Quer o exercício completo? Comenta LINGUAGEM.",Conteúdo prático e compartilhável.,Mostrar um tema de relacionamento da aula.,Meio de funil · compartilhamento,Comenta LINGUAGEM e marca quem você quer amar melhor.,A produzir
Clube Secreto,CS26-K05,Carrossel,Escala das emoções,Aula 08 · Encontro 17.03.2026 · Lei da atração comentada com O Segredo · PDF Aula 08,—,Uma escala para medir a emoção do dia.,"Slide 1: Uma escala para medir a emoção do dia. / Slide 2: Na aula, a Dra. Próton mostra frequências: vergonha 20 Hz, raiva 150 Hz, orgulho 175 Hz. / Slide 3: Mais acima: amor 500 Hz, alegria 540 Hz, paz 600 Hz. / Slide 4: O dinheiro, segundo ela, vibra em paz e alegria. / Slide 5: Pergunte: quando eu tenho isso, o que eu sinto? / Slide 6: Pratique essa emoção no dia a dia. / Slide 7: Salva e comenta ESCALA.",Ferramenta visual de autodiagnóstico.,Educar com a escala das emoções.,Meio de funil · educação,Salva e comenta ESCALA: em que nível você está hoje?,A produzir
Clube Secreto,CS26-K06,Carrossel,Como começa o seu ciclo,Módulo 01 · Como começa o seu ciclo no Clube,—,Seu ciclo no Clube em quatro passos.,"Slide 1: Seu ciclo no Clube em quatro passos. / Slide 2: Início oficial: a reprogramação mental começa junto com a turma, no dia 10, pelo grupo VIP no WhatsApp. / Slide 3: O convite chega por mensagem no WhatsApp. / Slide 4: No grupo: áudio de reprogramação mental, livro completo em PDF, estudo guiado em audiobook e exercícios práticos. / Slide 5: Enquanto o ciclo não começa, assista aos Módulos 2 e 3 na plataforma. / Slide 6: Módulos: 1 Comece por Aqui, 2 Escola do Enriquecimento, 3 Ciência Moderna Avançada. / Slide 7: Quer entrar no Clube? Comenta CLUBE.",Explica o funcionamento de forma clara.,Reduzir dúvida de quem está avaliando entrar.,Fundo de funil · convite para o Clube,Comenta CLUBE para receber o convite.,A produzir
Clube Secreto,CS26-Q01,Caixinha de perguntas,Se eu morresse hoje,"Aula 26 · Encontro 22.09.2026 · Viver de verdade, sair do vitimismo e vibrar o que deseja · PDF Aula 26",—,"Se você morresse hoje, manteria essa briga?","Story da caixinha com a pergunta. Resposta modelo: ""A Dra. Próton pergunta: há quantos anos você está adiando a vida que quer? Pense em quem você está sem falar por motivo pequeno."" Repostar 5 respostas anônimas com comentário.",Pergunta aberta que mexe com a emoção.,Coletar dores e histórias reais.,Stories · engajamento,Responde na caixinha.,A produzir
Clube Secreto,CS26-Q02,Caixinha de perguntas,O que eu não fiz,"Aula 30 · Encontro 04.10.2026 · Café da manhã com a Dra Próton · Linguagens do amor, gratidão e servir · PDF Aula 30",—,"O que você não fez ainda que, se fizesse, mudaria tudo?","Story da caixinha com a pergunta. Resposta modelo: ""Escreva o que não está bom e, para cada item, o que ainda não fez. Todo dia, uma decisão nessa direção."" Repostar respostas agrupadas por área e comentar.",Exercício da aula adaptado ao story.,Gerar ação e mapear desafios do público.,Stories · pesquisa de público,Responde na caixinha: o que eu não fiz é...,A produzir
Clube Secreto,CS26-Q03,Caixinha de perguntas,Linguagem do amor,"Aula 23 · Encontro 18.08.2026 · Ancestralidade, perdão e as linguagens do amor · PDF Aula 23",—,Qual é a sua linguagem do amor?,"Story da caixinha com a pergunta. Resposta modelo: ""São cinco: palavras de afirmação, tempo de qualidade, presentes, atos de serviço e toque físico. Descubra a sua e a de quem convive com você."" Repostar respostas e convidar a pessoa a comentar no carrossel.",Pergunta leve com resposta fácil.,Gerar interação e preparar conteúdo sobre relacionamento.,Stories · engajamento,Responde na caixinha: a minha é...,A produzir
Clube Secreto,CS26-Q04,Caixinha de perguntas,Pergunta do dom,"Aula 05 · Encontro 22.02.2026 · Escolhas, dons, oportunidades e relacionamento · PDF Aula 05",—,O que você faz tão bem que alguém pagaria por isso?,"Story da caixinha com a pergunta. Resposta modelo: ""Liste o que as pessoas sempre pedem que você faça ou traga."" Repostar respostas, sem prometer ganho, e comentar que é um exercício de reflexão.",Pergunta de autoconhecimento da aula.,Descobrir talentos e interesses do público.,Stories · pesquisa de público,Responde na caixinha: eu sei fazer...,A produzir
Clube Secreto,CS26-Q05,Caixinha de perguntas,Pensamento repetitivo,"Aula 12 · Encontro 28.04.2026 · Perguntas e respostas frequência, emoção e cocriação · PDF Aula 12",—,Qual pensamento negativo se repete na sua cabeça?,"Story da caixinha com a pergunta. Resposta modelo: ""A Dra. Próton sugere criar uma frase oposta e repetir com o Ho'oponopono: sinto muito, me perdoe, te amo, sou grata. Também ajuda conversar com alguém."" Repostar sem expor nomes e lembrar: não substitui acompanhamento psicológico.",Aproxima a seguidora de uma prática da aula.,Coletar dores reais para novos conteúdos.,Stories · pesquisa de público,Responde na caixinha.,A produzir
Clube Secreto,CS26-Q06,Caixinha de perguntas,Dúvidas sobre o ciclo,Módulo 01 · Como começa o seu ciclo no Clube,—,Qual a sua dúvida sobre como começa o ciclo no Clube?,"Story da caixinha. Resposta modelo: ""O convite chega por WhatsApp para o número do cadastro. Enquanto o ciclo não começa, assista aos Módulos 2 e 3."" Repostar respostas agrupadas.",Responde dúvidas antes da decisão.,Reduzir atrito e preparar o convite.,Fundo de funil · convite para o Clube,Manda a sua dúvida que eu respondo.,A produzir
Clube Secreto,CS26-C21,Card,Caminho recomendado,Módulo 02 · O caminho certo - o que assistir e em que ordem,—,A consistência é a chave. Cada etapa prepara a seguinte.,"Card com a frase. Legenda: No Clube, o caminho é simples: todos os dias, consumir o conteúdo do grupo VIP. Na plataforma, começar pela Escola do Enriquecimento e só depois seguir para a Ciência Moderna Avançada.",Mostra ordem clara e reduz a sensação de confusão.,Explicar o caminho do Clube.,Fundo de funil · convite para o Clube,Comenta CLUBE se você quer fazer esse caminho.,A produzir legenda
Clube Secreto,CS26-C22,Card,A prática acontece no grupo,Módulo 03 · Grupo oficial - onde acontece a prática,—,Assistir às aulas sem participar do grupo deixa metade do método de fora.,"Card com a frase. Legenda: Toda a parte prática da reprogramação mental acontece no grupo oficial do WhatsApp. O link chega em até 72 horas, pelo número informado no cadastro.",Mensagem direta sobre como o Clube funciona.,Explicar onde está a prática.,Fundo de funil · convite para o Clube,Comenta GRUPO para saber como entrar.,A produzir legenda
Clube Secreto,CS26-C23,Card,Enquanto o ciclo não começa,Módulo 01 · Como começa o seu ciclo no Clube,—,"Enquanto o seu ciclo não começa, você já pode começar a se preparar.","Card com a frase. Legenda: Assista às aulas dos Módulos 2 e 3 para preparar a mente, entender a metodologia e começar a elevar a frequência.",Remove a espera e dá ação imediata.,Mostrar o Clube como experiência contínua.,Fundo de funil · convite para o Clube,Comenta CLUBE para receber o convite.,A produzir legenda
